employee_id,onboarding_status,onboarding_completion_date,offboarding_status,offboarding_completion_date,payroll_status,direct_deposit_status,tax_form_status,operations_last_updated
EMP-0001,Complete,2020-11-29,Complete,2023-06-26,Active,Complete,Complete,2026-03-10
EMP-0002,Complete,2019-07-07,Not Applicable,,Active,Complete,Complete,2026-08-28
EMP-0003,Complete,2019-06-15,Not Applicable,,Active,Complete,Complete,2026-01-19
EMP-0004,Complete,2020-04-23,Not Applicable,,Active,Complete,Complete,2026-05-26
EMP-0005,Complete,2018-09-03,Not Applicable,,Active,Complete,Complete,2026-01-02
EMP-0006,Complete,2022-05-08,Not Applicable,,Active,Complete,Complete,2026-01-31
EMP-0007,Complete,2019-01-24,Not Applicable,,Active,Complete,Complete,2026-02-27
EMP-0008,Complete,2023-05-02,Not Applicable,,Active,Complete,Complete,2026-08-19
EMP-0009,Complete,2018-12-25,Complete,2022-03-09,Active,Complete,Complete,2026-03-09
EMP-0010,Complete,2022-11-12,Complete,2024-12-04,Active,Complete,Complete,2026-02-27
EMP-0011,Complete,2024-04-08,Not Applicable,,Active,Complete,Complete,2026-06-28
EMP-0012,Complete,2018-12-14,Not Applicable,,Active,Complete,Complete,2026-08-17
EMP-0013,Complete,2017-06-20,Not Applicable,,Active,Complete,Complete,2026-01-24
EMP-0014,Complete,2025-08-25,Not Applicable,,Active,Complete,Complete,2026-03-24
EMP-0015,Complete,2026-03-16,Not Applicable,,Active,Complete,Complete,2026-03-10
EMP-0016,Complete,2023-05-15,Not Applicable,,Active,Complete,Complete,2026-01-21
EMP-0017,Complete,2024-03-24,Not Applicable,,Active,Complete,Complete,2026-07-01
EMP-0018,Complete,2025-11-18,Not Applicable,,Active,Complete,Complete,2026-05-18
EMP-0019,Complete,2016-05-31,Not Applicable,,Active,Complete,Complete,2026-03-18
EMP-0020,Complete,2020-05-19,Not Applicable,,Active,Complete,Complete,2026-08-07
EMP-0021,Complete,2021-01-31,Not Applicable,,Active,Complete,Complete,2026-01-13
EMP-0022,Complete,2018-09-30,Not Started,,Inactive,Complete,Complete,2026-01-27
EMP-0023,Complete,2025-02-11,Not Applicable,,Active,Complete,Complete,2026-01-09
EMP-0024,Complete,2017-02-10,Not Applicable,,Active,Complete,Complete,2026-08-24
EMP-0025,Complete,2022-11-29,Not Applicable,,Active,Complete,Complete,2026-04-19
EMP-0026,Complete,2021-08-26,Not Started,,Inactive,Complete,Complete,2026-05-26
EMP-0027,Complete,2017-05-23,Not Applicable,,Active,Complete,Complete,2026-03-06
EMP-0028,Complete,2022-09-16,Not Applicable,,Active,Complete,Complete,2026-05-25
EMP-0029,Complete,2020-12-21,Not Started,,Inactive,Complete,Complete,2026-07-11
EMP-0030,Complete,2026-06-13,Not Applicable,,Active,Complete,Complete,2026-03-10
EMP-0031,Complete,2019-09-11,Not Applicable,,Active,Complete,Complete,2026-03-22
EMP-0032,Complete,2018-07-24,Not Applicable,,Active,Complete,Complete,2026-05-23
EMP-0033,Complete,2021-07-01,Not Applicable,,Active,Complete,Complete,2026-05-18
EMP-0034,Complete,2017-08-05,Not Applicable,,Active,Complete,Complete,2026-04-18
EMP-0035,Complete,2023-08-12,Not Applicable,,Active,Complete,Complete,2026-06-27
EMP-0036,Complete,2022-02-17,Complete,2025-05-01,Inactive,Complete,Complete,2026-05-23
EMP-0037,Complete,2020-06-29,Complete,2021-02-17,Inactive,Complete,Complete,2026-03-23
EMP-0038,Complete,2017-01-03,Not Applicable,,Active,Complete,Complete,2026-07-08
EMP-0039,Complete,2026-01-24,Not Applicable,,Active,Complete,Complete,2026-05-19
EMP-0040,Complete,2019-04-23,Not Applicable,,Active,Complete,Complete,2026-06-12
EMP-0041,Complete,2025-06-27,Complete,2026-04-25,Inactive,Complete,Complete,2026-01-19
EMP-0042,Complete,,Not Applicable,,Active,Complete,Complete,2026-06-12
EMP-0043,Complete,2024-07-02,Not Applicable,,Active,Complete,Complete,2026-04-29
EMP-0044,Complete,2021-02-08,Complete,2023-11-08,Inactive,Complete,Complete,2026-01-23
EMP-0045,Complete,2018-05-07,Complete,2022-11-28,Inactive,Complete,Complete,2026-05-20
EMP-0046,Complete,2024-02-09,Not Applicable,,Active,Complete,Complete,2026-04-13
EMP-0047,Complete,2022-04-16,Complete,2023-03-30,Inactive,Complete,Complete,2026-08-04
EMP-0048,Complete,2018-05-13,Not Applicable,,Active,Complete,Complete,2026-01-27
EMP-0049,Complete,2019-12-21,Not Applicable,,Active,Complete,Pending,2026-05-20
EMP-0050,Complete,2021-10-07,Not Applicable,,Active,Complete,Complete,2026-08-18
EMP-0051,Complete,2022-12-19,Not Applicable,,Active,Complete,Complete,2026-04-01
EMP-0052,Complete,2025-09-05,Not Applicable,,Active,Complete,Complete,2026-06-01
EMP-0053,Complete,2017-03-29,Not Applicable,,Active,Complete,Complete,2026-08-05
EMP-0054,Complete,2024-08-02,Not Applicable,,Active,Complete,Complete,2026-05-12
EMP-0055,Complete,2021-01-13,Complete,2025-09-26,Inactive,Complete,Complete,2026-01-26
EMP-0056,Complete,2017-10-30,Not Applicable,,Active,Complete,Complete,2026-03-25
EMP-0057,Complete,2026-01-02,Not Applicable,,Active,Complete,Complete,2026-07-30
EMP-0058,Complete,2020-06-22,Complete,2020-10-09,Inactive,Complete,Complete,2026-07-12
EMP-0059,Complete,2024-07-06,Not Applicable,,Active,Complete,Complete,2026-05-02
EMP-0060,Complete,2022-07-09,Not Applicable,,Active,Complete,Complete,2026-06-19
EMP-0061,Complete,2018-01-20,Complete,2019-02-27,Inactive,Complete,Complete,2026-07-06
EMP-0062,Complete,2023-12-04,Not Applicable,,Active,Complete,Complete,2026-04-09
EMP-0063,Complete,2016-09-22,Not Applicable,,Active,Complete,Complete,2026-02-04
EMP-0064,Complete,2016-06-23,Not Applicable,,Active,Complete,Complete,2026-07-26
EMP-0065,Complete,2022-11-02,Not Applicable,,Active,Complete,Complete,2026-02-27
EMP-0066,Complete,2024-05-18,Not Applicable,,Active,Complete,Pending,2026-01-11
EMP-0067,Complete,2025-07-07,Not Applicable,,Active,Complete,Complete,2026-01-04
EMP-0068,Complete,2024-03-03,Not Applicable,,Active,Complete,Complete,2026-07-24
EMP-0069,Complete,2016-09-08,Not Applicable,,Active,Complete,Complete,2026-08-01
EMP-0070,Complete,2026-05-25,Not Applicable,,Active,Complete,Complete,2026-02-02
EMP-0071,Complete,2019-02-11,Not Applicable,,Active,Complete,Complete,2026-01-02
EMP-0072,Complete,2023-04-15,Not Applicable,,Active,Complete,Complete,2026-02-12
EMP-0073,Complete,2026-05-11,Not Applicable,,Active,Complete,Complete,2026-04-01
EMP-0074,Complete,2018-05-16,Not Applicable,,Active,Complete,Complete,2026-04-19
EMP-0075,Complete,2020-08-23,Not Applicable,,Active,Complete,Complete,2026-04-24
EMP-0076,Complete,2016-02-14,Not Applicable,,Active,Complete,Complete,2026-03-18
EMP-0077,Complete,2020-08-16,Not Applicable,,Active,Complete,Complete,2026-06-29
EMP-0078,Complete,2025-11-25,Complete,2026-02-13,Inactive,Complete,Complete,2026-05-17
EMP-0079,Complete,2017-05-28,Not Applicable,,Active,Complete,Complete,2026-03-01
EMP-0080,Complete,2024-12-28,Not Applicable,,Active,Complete,Complete,2026-05-23
EMP-0081,Complete,2017-05-28,Not Applicable,,Active,Complete,Complete,2026-06-27
EMP-0082,Complete,2019-05-18,Not Applicable,,Active,Complete,Complete,2026-03-07
EMP-0083,Complete,2017-11-21,Not Applicable,,Active,Complete,Complete,2026-03-09
EMP-0084,Complete,2022-02-05,Not Applicable,,Active,Complete,Complete,2026-03-27
EMP-0085,Complete,2019-02-02,Not Applicable,,Active,Complete,Complete,2026-04-30
EMP-0086,Complete,2016-08-26,Not Applicable,,Active,Complete,Complete,2026-02-12
EMP-0087,Complete,2025-09-10,Not Applicable,,Active,Complete,Complete,2026-07-31
EMP-0088,Complete,2024-09-02,Not Applicable,,Active,Complete,Complete,2026-01-17
EMP-0089,Complete,2021-01-17,Not Applicable,,Active,Complete,Pending,2026-06-13
EMP-0090,Complete,2019-06-28,Not Applicable,,Active,Complete,Complete,2026-04-24
EMP-0091,Complete,2023-01-28,Not Applicable,,Active,Complete,Complete,2026-01-03
EMP-0092,Complete,2019-04-28,Not Applicable,,Active,Complete,Complete,2026-07-13
EMP-0093,Complete,2017-05-04,Not Applicable,,Active,Complete,Complete,2026-07-02
EMP-0094,Complete,2023-10-04,Not Applicable,,Active,Complete,Complete,2026-06-27
EMP-0095,Complete,2016-10-14,Not Applicable,,Active,Complete,Complete,2026-07-01
EMP-0096,Complete,2017-07-20,Not Applicable,,Active,Complete,Complete,2026-02-08
EMP-0097,Complete,2023-01-16,Complete,2026-02-25,Inactive,Complete,Complete,2026-06-24
EMP-0098,Complete,2016-08-27,Not Applicable,,Active,Complete,Complete,2026-04-26
EMP-0099,Complete,2018-03-21,Not Applicable,,Active,Complete,Complete,2026-03-03
EMP-0100,Complete,2020-12-02,Not Applicable,,Active,Complete,Complete,2026-04-04
EMP-0101,Complete,2021-02-20,Not Applicable,,Active,Complete,Complete,2026-03-15
EMP-0102,Complete,2016-01-09,Not Applicable,,Active,Complete,Complete,2026-04-07
EMP-0103,Complete,2021-03-17,Not Applicable,,Active,Complete,Complete,2026-07-24
EMP-0104,Complete,2018-01-16,Not Applicable,,Active,Complete,Complete,2026-08-24
EMP-0105,Complete,2023-10-04,Not Applicable,,Active,Complete,Complete,2026-05-21
EMP-0106,Complete,2023-05-14,Not Applicable,,Active,Complete,Complete,2026-05-19
EMP-0107,Complete,2023-09-23,Not Applicable,,Active,Complete,Complete,2026-02-07
EMP-0108,Complete,2016-12-06,Not Applicable,,Active,Complete,Complete,2026-02-07
EMP-0109,Complete,2017-05-14,Not Applicable,,Active,Complete,Complete,2026-06-03
EMP-0110,Complete,2017-02-06,Not Applicable,,Active,Complete,Complete,2026-04-06
EMP-0111,Complete,2016-08-26,Not Applicable,,Active,Complete,Complete,2026-06-12
EMP-0112,Complete,2025-12-25,Not Applicable,,Active,Complete,Complete,2026-05-08
EMP-0113,Complete,2016-03-27,Not Applicable,,Active,Complete,Complete,2026-07-09
EMP-0114,Complete,2025-03-02,Not Applicable,,Active,Complete,Complete,2026-02-19
EMP-0115,Complete,2022-05-30,Not Applicable,,Active,Complete,Complete,2026-08-19
EMP-0116,Complete,2018-05-05,Not Applicable,,Active,Complete,Complete,2026-08-17
EMP-0117,Complete,2025-05-30,Complete,2025-08-29,Inactive,Complete,Complete,2026-07-29
EMP-0118,Complete,2020-08-17,Not Applicable,,Active,Complete,Complete,2026-06-19
EMP-0119,Complete,2019-11-26,Not Applicable,,Active,Complete,Complete,2026-04-04
EMP-0120,Complete,2022-09-19,Not Applicable,,Active,Pending,Complete,2026-01-30
EMP-0121,Complete,2019-10-01,Not Applicable,,Active,Complete,Complete,2026-03-19
EMP-0122,Complete,2022-10-25,Complete,2025-05-13,Inactive,Complete,Pending,2026-06-22
EMP-0123,Complete,2019-06-06,Complete,2022-04-11,Inactive,Complete,Complete,2026-01-13
EMP-0124,Complete,2023-02-15,Not Applicable,,Active,Complete,Complete,2026-03-10
EMP-0125,Complete,2018-06-28,Not Applicable,,Active,Complete,Complete,2026-08-18
EMP-0126,Complete,2022-05-29,Not Applicable,,Active,Complete,Complete,2026-01-20
EMP-0127,Complete,2021-07-22,Not Applicable,,Active,Complete,Complete,2026-03-10
EMP-0128,Complete,2018-09-19,Complete,2026-04-28,Inactive,Complete,Complete,2026-01-15
EMP-0129,Complete,2021-06-15,Not Applicable,,Active,Complete,Complete,2026-02-10
EMP-0130,Complete,2024-11-03,Not Applicable,,Active,Complete,Complete,2026-08-25
EMP-0131,Complete,2021-07-06,Not Applicable,,Active,Complete,Complete,2026-04-19
EMP-0132,Complete,2024-10-10,Not Applicable,,Active,Complete,Complete,2026-03-15
EMP-0133,Complete,2024-03-28,Complete,2026-05-31,Inactive,Complete,Complete,2026-05-12
EMP-0134,Complete,2018-09-06,Not Applicable,,Active,Complete,Complete,2026-06-20
EMP-0135,Complete,2024-12-04,Not Applicable,,Active,Complete,Complete,2026-03-30
EMP-0136,Complete,2016-09-05,Not Applicable,,Active,Complete,Complete,2026-07-16
EMP-0137,Complete,2021-02-24,Not Applicable,,Active,Complete,Complete,2026-06-03
EMP-0138,Complete,2019-11-25,Not Applicable,,Active,Complete,Complete,2026-06-16
EMP-0139,Complete,2023-10-26,Not Applicable,,Active,Complete,Complete,2026-01-25
EMP-0140,Complete,2025-03-04,Complete,2025-04-21,Inactive,Complete,Complete,2026-06-19
EMP-0141,Complete,2020-06-09,Not Applicable,,Active,Complete,Pending,2026-03-20
EMP-0142,Complete,2023-02-24,Not Applicable,,Active,Complete,Complete,2026-03-29
EMP-0143,Complete,2018-11-09,Not Applicable,,Active,Complete,Complete,2026-03-05
EMP-0144,Complete,2024-01-05,Complete,2026-04-23,Inactive,Complete,Complete,2026-04-02
EMP-0145,Complete,2019-12-04,Not Applicable,,Active,Complete,Complete,2026-05-13
EMP-0146,Complete,2022-05-21,Not Applicable,,Active,Complete,Complete,2026-03-13
EMP-0147,Complete,2018-06-17,Not Applicable,,Active,Complete,Complete,2026-06-26
EMP-0148,Complete,2025-07-28,Complete,2025-11-28,Inactive,Complete,Complete,2026-06-20
EMP-0149,Complete,2022-06-26,Not Applicable,,Active,Complete,Complete,2026-05-11
EMP-0150,Complete,2021-04-21,Not Applicable,,Active,Complete,Complete,2026-08-22
EMP-0151,Complete,2018-10-29,Not Applicable,,Active,Complete,Complete,2026-03-19
EMP-0152,Complete,2016-07-31,Not Applicable,,Active,Complete,Complete,2026-03-31
EMP-0153,Complete,2021-11-28,Complete,2025-11-24,Inactive,Complete,Complete,2026-07-31
EMP-0154,Complete,2019-03-31,Not Applicable,,Active,Complete,Complete,2026-02-28
EMP-0155,Complete,2021-11-19,Not Applicable,,Active,Complete,Complete,2026-06-18
EMP-0156,Complete,2017-08-03,Not Applicable,,Active,Complete,Complete,2026-03-30
EMP-0157,Complete,2024-12-25,Not Applicable,,Active,Complete,Complete,2026-02-12
EMP-0158,Complete,2018-03-17,Not Applicable,,Active,Complete,Complete,2026-03-10
EMP-0159,Complete,2016-09-04,Not Applicable,,Active,Complete,Complete,2026-02-11
EMP-0160,Complete,2023-07-23,Not Applicable,,Active,Complete,Complete,2026-07-07
EMP-0161,Complete,2026-01-26,Not Applicable,,Active,Complete,Complete,2026-05-02
EMP-0162,Complete,2016-06-05,Complete,2024-02-12,Inactive,Complete,Complete,2026-07-11
EMP-0163,Complete,2017-05-30,Not Applicable,,Active,Complete,Complete,2026-05-09
EMP-0164,Complete,2016-05-29,Not Applicable,,Active,Complete,Complete,2026-03-12
EMP-0165,Complete,2025-04-28,Not Applicable,,Active,Complete,Complete,2026-01-20
EMP-0166,Complete,2021-08-07,Not Applicable,,Active,Complete,Complete,2026-05-06
EMP-0167,Complete,2020-12-25,Not Applicable,,Active,Complete,Complete,2026-01-10
EMP-0168,Complete,2025-06-18,Not Applicable,,Active,Complete,Complete,2026-02-09
EMP-0169,Complete,2022-03-06,Not Applicable,,Active,Complete,Complete,2026-03-11
EMP-0170,Complete,2024-09-05,Not Applicable,,Active,Complete,Complete,2026-01-04
EMP-0171,Complete,2023-04-01,Not Applicable,,Active,Complete,Complete,2026-08-02
EMP-0172,Complete,2025-05-02,Not Applicable,,Active,Complete,Complete,2026-08-18
EMP-0173,Complete,2026-04-24,Not Applicable,,Active,Complete,Complete,2026-06-19
EMP-0174,Complete,2016-02-20,Not Applicable,,Active,Complete,Complete,2026-07-26
EMP-0175,Complete,2024-08-05,Complete,2026-01-29,Inactive,Complete,Complete,2026-05-23
EMP-0176,Complete,2020-05-23,Not Applicable,,Active,Complete,Complete,2026-05-01
EMP-0177,Complete,2023-10-18,Not Applicable,,Active,Complete,Complete,2026-08-01
EMP-0178,Complete,2018-04-02,Not Applicable,,Active,Complete,Complete,2026-01-23
EMP-0179,Complete,2019-06-23,Complete,2019-12-01,Inactive,Complete,Complete,2026-02-16
EMP-0180,Complete,2016-04-21,Not Applicable,,Active,Complete,Complete,2026-04-14
EMP-0181,Complete,2023-05-18,Not Applicable,,Active,Complete,Complete,2026-04-26
EMP-0182,Complete,2019-01-04,Not Applicable,,Active,Complete,Complete,2026-05-22
EMP-0183,Complete,2019-07-08,Not Applicable,,Active,Complete,Complete,2026-01-21
EMP-0184,Complete,2017-10-09,Not Applicable,,Active,Complete,Complete,2026-01-13
EMP-0185,Complete,2021-07-14,Complete,2022-09-23,Inactive,Complete,Complete,2026-08-07
EMP-0186,Complete,2017-07-27,Complete,2018-07-18,Inactive,Complete,Complete,2026-03-26
EMP-0187,Complete,2025-03-20,Not Applicable,,Active,Complete,Complete,2026-01-08
EMP-0188,Complete,2020-12-03,Not Applicable,,Active,Complete,Complete,2026-04-13
EMP-0189,Complete,2019-08-01,Not Applicable,,Active,Complete,Complete,2026-07-15
EMP-0190,Complete,2021-07-10,Not Applicable,,Active,Complete,Complete,2026-01-02
EMP-0191,Complete,2024-07-17,Not Applicable,,Active,Complete,Complete,2026-01-13
EMP-0192,Complete,2023-01-28,Not Applicable,,Active,Complete,Complete,2026-07-23
EMP-0193,Complete,2017-04-08,Not Applicable,,Active,Complete,Complete,2026-07-19
EMP-0194,Complete,2018-07-18,Not Applicable,,Active,Complete,Complete,2026-03-07
EMP-0195,Complete,2016-06-08,Not Applicable,,Active,Pending,Complete,2026-05-03
EMP-0196,Complete,2020-08-11,Not Applicable,,Active,Complete,Complete,2026-06-03
EMP-0197,Complete,2019-04-30,Not Applicable,,Active,Complete,Complete,2026-02-17
EMP-0198,Complete,2023-12-26,Not Applicable,,Active,Complete,Complete,2026-02-10
EMP-0199,Complete,2023-07-22,Not Applicable,,Active,Complete,Complete,2026-08-08
EMP-0200,Complete,2021-06-23,Complete,2024-03-20,Inactive,Complete,Complete,2026-07-25
EMP-0201,Complete,2021-09-04,Not Applicable,,Active,Complete,Complete,2026-04-05
EMP-0202,Complete,2016-09-16,Not Applicable,,Active,Complete,Complete,2026-07-02
EMP-0203,Complete,2019-07-03,Not Applicable,,Active,Complete,Complete,2026-03-06
EMP-0204,Complete,2020-09-19,Not Applicable,,Active,Complete,Complete,2026-04-03
EMP-0205,Complete,2021-09-27,Not Applicable,,Active,Complete,Complete,2026-07-05
EMP-0206,Complete,2016-12-19,Not Applicable,,Active,Complete,Pending,2026-07-28
EMP-0207,Complete,2021-05-25,Not Applicable,,Active,Complete,Complete,2026-06-29
EMP-0208,Complete,2019-02-02,Not Applicable,,Active,Complete,Complete,2026-05-11
EMP-0209,Complete,2022-08-23,Not Applicable,,Active,Complete,Complete,2026-06-10
EMP-0210,Complete,2017-12-01,Not Applicable,,Active,Complete,Complete,2026-06-06
EMP-0211,Complete,2021-12-28,Not Applicable,,Active,Complete,Complete,2026-08-02
EMP-0212,Complete,2019-05-23,Not Applicable,,Active,Complete,Complete,2026-01-28
EMP-0213,Complete,2025-12-04,Not Applicable,,Active,Complete,Complete,2026-02-15
EMP-0214,Complete,2025-05-10,Not Applicable,,Active,Complete,Complete,2026-07-24
EMP-0215,Complete,2020-09-24,Not Applicable,,Active,Complete,Complete,2026-02-21
EMP-0216,Complete,2026-01-06,Not Applicable,,Active,Complete,Complete,2026-05-26
EMP-0217,Complete,2024-06-10,Not Applicable,,Active,Complete,Complete,2026-07-25
EMP-0218,Complete,2018-05-20,Not Applicable,,Active,Complete,Complete,2026-07-21
EMP-0219,Complete,2022-04-24,Not Applicable,,Active,Complete,Complete,2026-04-01
EMP-0220,Complete,2025-02-12,Not Applicable,,Active,Complete,Complete,2026-06-23
EMP-0221,Complete,2024-06-28,Not Applicable,,Active,Complete,Complete,2026-05-05
EMP-0222,Complete,2022-05-13,Not Applicable,,Active,Complete,Complete,2026-06-26
EMP-0223,Complete,2020-04-04,Not Applicable,,Active,Complete,Complete,2026-06-09
EMP-0224,Complete,2022-10-28,Not Applicable,,Active,Complete,Complete,2026-07-20
EMP-0225,Complete,2017-05-10,Not Applicable,,Active,Complete,Complete,2026-07-18
EMP-0226,Complete,2024-12-04,Not Applicable,,Active,Complete,Complete,2026-01-24
EMP-0227,Complete,2020-06-15,Not Applicable,,Active,Complete,Complete,2026-06-05
EMP-0228,Complete,2017-07-05,Not Applicable,,Active,Complete,Complete,2026-08-22
EMP-0229,Complete,2022-11-15,Not Applicable,,Active,Complete,Complete,2026-03-21
EMP-0230,Complete,2017-05-06,Complete,2018-03-14,Inactive,Complete,Complete,2026-08-08
EMP-0231,Complete,2022-05-08,Complete,2024-04-11,Inactive,Complete,Complete,2026-05-11
EMP-0232,Complete,2023-03-16,Not Applicable,,Active,Complete,Complete,2026-05-28
EMP-0233,Complete,2020-12-17,Not Applicable,,Active,Complete,Complete,2026-01-11
EMP-0234,Complete,2018-11-19,Not Applicable,,Active,Complete,Complete,2026-04-17
EMP-0235,Complete,2020-08-10,Not Applicable,,Active,Complete,Complete,2026-04-08
EMP-0236,Complete,2025-09-25,Not Applicable,,Active,Complete,Complete,2026-08-17
EMP-0237,Complete,2016-12-07,Not Applicable,,Active,Complete,Complete,2026-07-08
EMP-0238,Complete,2019-01-04,Not Applicable,,Active,Complete,Complete,2026-02-28
EMP-0239,Complete,2016-03-18,Not Applicable,,Active,Complete,Complete,2026-03-20
EMP-0240,Complete,2025-11-15,Not Applicable,,Active,Complete,Complete,2026-05-23
EMP-0241,Complete,2020-06-11,Not Applicable,,Active,Complete,Complete,2026-06-22
EMP-0242,Complete,2026-01-01,Not Applicable,,Active,Complete,Complete,2026-06-06
EMP-0243,Complete,2016-09-16,Not Applicable,,Active,Complete,Complete,2026-06-09
EMP-0244,Complete,2018-07-04,Complete,2025-06-18,Inactive,Complete,Complete,2026-02-06
EMP-0245,Complete,2025-08-02,Complete,2025-12-02,Inactive,Complete,Complete,2026-01-09
EMP-0246,Complete,2016-05-06,Not Applicable,,Active,Complete,Complete,2026-03-05
EMP-0247,Complete,2017-07-30,Not Applicable,,Active,Complete,Complete,2026-02-02
EMP-0248,Complete,2018-01-22,Not Applicable,,Active,Complete,Complete,2026-07-31
EMP-0249,Complete,2025-03-21,Not Applicable,,Active,Complete,Complete,2026-08-26
EMP-0250,Complete,2018-06-20,Complete,2019-05-09,Inactive,Complete,Complete,2026-07-20
EMP-0251,Complete,2017-02-02,Not Applicable,,Active,Complete,Complete,2026-05-18
EMP-0252,Complete,2016-05-13,Not Applicable,,Active,Complete,Complete,2026-08-07
EMP-0253,Complete,2024-04-14,Not Applicable,,Active,Complete,Complete,2026-03-09
EMP-0254,Complete,2021-05-04,Not Applicable,,Active,Complete,Complete,2026-04-28
EMP-0255,Complete,2020-07-02,Not Applicable,,Active,Complete,Complete,2026-01-23
EMP-0256,Complete,2018-04-13,Not Applicable,,Active,Complete,Complete,2026-02-16
EMP-0257,Complete,2024-07-25,Not Applicable,,Active,Complete,Complete,2026-05-28
EMP-0258,Complete,2025-08-02,Not Applicable,,Active,Complete,Complete,2026-06-08
EMP-0259,Complete,2018-02-16,Not Applicable,,Active,Complete,Complete,2026-05-12
EMP-0260,Complete,2017-11-17,Not Applicable,,Active,Complete,Complete,2026-04-07
EMP-0261,Complete,2026-05-21,Not Applicable,,Active,Complete,Complete,2026-03-23
EMP-0262,Complete,2017-03-11,Not Applicable,,Active,Complete,Complete,2026-08-19
EMP-0263,Complete,2017-06-29,Not Applicable,,Active,Complete,Complete,2026-03-22
EMP-0264,Complete,2022-07-26,Not Applicable,,Active,Complete,Complete,2026-08-07
EMP-0265,Complete,2021-09-19,Not Applicable,,Active,Complete,Complete,2026-07-21
EMP-0266,Complete,2025-12-04,Not Applicable,,Active,Complete,Complete,2026-01-22
EMP-0267,Complete,2019-01-31,Not Applicable,,Active,Complete,Complete,2026-07-08
EMP-0268,Complete,2017-08-10,Not Applicable,,Active,Complete,Complete,2026-08-21
EMP-0269,Complete,2021-11-12,Not Applicable,,Active,Complete,Complete,2026-03-18
EMP-0270,Complete,2022-09-15,Not Applicable,,Active,Complete,Complete,2026-04-22
EMP-0271,Complete,2019-11-17,Not Applicable,,Active,Complete,Complete,2026-01-15
EMP-0272,Complete,2016-09-01,Not Applicable,,Active,Complete,Complete,2026-04-24
EMP-0273,Complete,2018-03-02,Not Applicable,,Active,Complete,Complete,2026-04-03
EMP-0274,Complete,2017-06-12,Not Applicable,,Active,Complete,Complete,2026-04-21
EMP-0275,Complete,2021-09-30,Not Applicable,,Active,Complete,Complete,2026-01-15
EMP-0276,Complete,2023-09-21,Not Applicable,,Active,Complete,Complete,2026-07-23
EMP-0277,Complete,2018-01-26,Not Applicable,,Active,Complete,Complete,2026-03-16
EMP-0278,Complete,2016-05-15,Not Applicable,,Active,Complete,Complete,2026-06-24
EMP-0279,Complete,2021-12-20,Not Applicable,,Active,Pending,Complete,2026-08-01
EMP-0280,Complete,2020-11-25,Not Applicable,,Active,Complete,Complete,2026-06-02
EMP-0281,Complete,2018-08-08,Not Applicable,,Active,Complete,Complete,2026-06-02
EMP-0282,Complete,2023-02-19,Not Applicable,,Active,Complete,Complete,2026-04-15
EMP-0283,Complete,2023-12-29,Not Applicable,,Active,Complete,Complete,2026-02-10
EMP-0284,Complete,2022-05-27,Not Applicable,,Active,Complete,Complete,2026-08-28
EMP-0285,Complete,2023-11-16,Not Applicable,,Active,Complete,Complete,2026-07-27
EMP-0286,Complete,2021-12-15,Not Applicable,,Active,Complete,Complete,2026-04-14
EMP-0287,Complete,2024-08-02,Not Applicable,,Active,Complete,Complete,2026-03-26
EMP-0288,Complete,2026-04-27,Not Applicable,,Active,Complete,Complete,2026-08-25
EMP-0289,Complete,2016-12-05,Not Applicable,,Active,Complete,Complete,2026-08-18
EMP-0290,Complete,2024-06-04,Not Applicable,,Active,Complete,Complete,2026-03-21
EMP-0291,Complete,2023-12-24,Not Applicable,,Active,Complete,Complete,2026-08-07
EMP-0292,Complete,2017-11-19,Not Applicable,,Active,Complete,Complete,2026-01-18
EMP-0293,Complete,2022-03-17,Not Applicable,,Active,Complete,Complete,2026-04-24
EMP-0294,Complete,2019-07-22,Not Applicable,,Active,Complete,Complete,2026-03-16
EMP-0295,Complete,2016-10-29,Not Applicable,,Active,Complete,Complete,2026-06-30
EMP-0296,Complete,2020-03-14,Not Applicable,,Active,Complete,Complete,2026-04-25
EMP-0297,Complete,2022-04-05,Not Applicable,,Active,Complete,Complete,2026-04-14
EMP-0298,Complete,2020-03-19,Complete,2023-02-21,Inactive,Complete,Complete,2026-05-20
EMP-0299,Complete,2020-11-01,Complete,2023-05-28,Inactive,Complete,Complete,2026-08-08
EMP-0300,Complete,2021-12-09,Not Applicable,,Active,Complete,Complete,2026-05-25
EMP-0301,Complete,2021-05-05,Complete,2022-11-02,Inactive,Complete,Complete,2026-01-15
EMP-0302,Complete,2017-04-23,Not Applicable,,Active,Complete,Complete,2026-06-28
EMP-0303,Complete,2021-05-20,Complete,2025-02-02,Inactive,Complete,Complete,2026-06-24
EMP-0304,Complete,2023-08-30,Not Applicable,,Active,Complete,Complete,2026-07-12
EMP-0305,Complete,2021-08-12,Not Applicable,,Active,Complete,Complete,2026-07-09
EMP-0306,Complete,2022-01-24,Not Applicable,,Active,Complete,Complete,2026-02-21
EMP-0307,Complete,2022-11-20,Not Applicable,,Active,Complete,Complete,2026-01-23
EMP-0308,Complete,2025-03-09,Not Applicable,,Active,Complete,Complete,2026-06-27
EMP-0309,Complete,2020-11-28,Not Applicable,,Active,Complete,Complete,2026-01-13
EMP-0310,Complete,2022-01-20,Complete,2022-04-24,Inactive,Complete,Complete,2026-01-05
EMP-0311,Complete,2020-09-20,Not Applicable,,Active,Complete,Complete,2026-06-04
EMP-0312,Complete,2016-04-15,Not Applicable,,Active,Complete,Complete,2026-01-11
EMP-0313,Complete,2023-04-25,Not Applicable,,Active,Complete,Complete,2026-01-12
EMP-0314,Complete,2020-09-11,Not Applicable,,Active,Complete,Complete,2026-03-11
EMP-0315,Complete,2024-03-27,Not Applicable,,Active,Complete,Complete,2026-03-25
EMP-0316,Complete,2018-02-08,Not Applicable,,Active,Complete,Complete,2026-08-24
EMP-0317,Complete,2017-03-10,Not Applicable,,Active,Complete,Complete,2026-08-15
EMP-0318,Complete,2023-05-14,Not Applicable,,Active,Complete,Complete,2026-05-25
EMP-0319,Complete,2019-08-27,Not Applicable,,Active,Complete,Complete,2026-05-24
EMP-0320,Complete,2024-11-10,Not Applicable,,Active,Complete,Complete,2026-02-11
EMP-0321,Complete,2017-05-15,Not Applicable,,Active,Complete,Complete,2026-07-17
EMP-0322,Complete,2016-08-11,Not Applicable,,Active,Complete,Complete,2026-08-26
EMP-0323,Complete,2025-03-27,Not Applicable,,Active,Complete,Pending,2026-06-11
EMP-0324,Complete,2023-05-22,Not Applicable,,Active,Complete,Complete,2026-06-09
EMP-0325,Complete,2019-06-16,Not Applicable,,Active,Complete,Complete,2026-05-17
EMP-0326,Complete,2018-01-10,Complete,2020-07-29,Inactive,Complete,Complete,2026-05-10
EMP-0327,Complete,2021-02-23,Not Applicable,,Active,Complete,Complete,2026-02-21
EMP-0328,Complete,2018-11-22,Not Applicable,,Active,Complete,Complete,2026-06-11
EMP-0329,Complete,2021-08-31,Not Applicable,,Active,Complete,Complete,2026-06-10
EMP-0330,Complete,2016-03-14,Not Applicable,,Active,Complete,Complete,2026-04-02
EMP-0331,Complete,2024-07-15,Not Applicable,,Active,Complete,Complete,2026-08-03
EMP-0332,Complete,2020-10-13,Not Applicable,,Active,Complete,Complete,2026-06-11
EMP-0333,Complete,2024-05-20,Not Applicable,,Active,Complete,Complete,2026-01-13
EMP-0334,Complete,2018-03-30,Complete,2018-07-18,Inactive,Complete,Complete,2026-03-08
EMP-0335,Complete,2018-09-13,Not Applicable,,Active,Complete,Complete,2026-04-24
EMP-0336,Complete,2017-12-12,Not Applicable,,Active,Complete,Pending,2026-03-25
EMP-0337,Complete,2017-10-19,Not Applicable,,Active,Complete,Complete,2026-01-18
EMP-0338,Complete,2018-03-12,Not Applicable,,Active,Complete,Complete,2026-08-19
EMP-0339,Complete,2022-10-29,Not Applicable,,Active,Complete,Complete,2026-07-17
EMP-0340,Complete,2022-12-25,Not Applicable,,Active,Complete,Complete,2026-05-23
EMP-0341,Complete,2019-09-26,Not Applicable,,Active,Complete,Complete,2026-03-18
EMP-0342,Complete,2023-10-05,Complete,2024-11-28,Inactive,Complete,Complete,2026-03-20
EMP-0343,Complete,2019-02-28,Not Applicable,,Active,Complete,Complete,2026-05-12
EMP-0344,Complete,2016-11-04,Not Applicable,,Active,Complete,Complete,2026-03-27
EMP-0345,Complete,2018-02-17,Complete,,Inactive,Complete,Complete,2026-01-20
EMP-0346,Complete,2026-04-06,Not Applicable,,Active,Pending,Complete,2026-04-05
EMP-0347,Complete,2026-06-15,Not Applicable,,Active,Complete,Complete,2026-07-15
EMP-0348,Complete,2017-12-27,Not Applicable,,Active,Complete,Complete,2026-06-18
EMP-0349,Complete,2016-08-17,Not Applicable,,Active,Complete,Complete,2026-03-07
EMP-0350,Complete,2018-11-09,Not Applicable,,Active,Pending,Complete,2026-02-23
EMP-0351,Complete,2022-10-31,Not Applicable,,Active,Complete,Complete,2026-01-15
EMP-0352,Complete,2025-06-20,Not Applicable,,Active,Complete,Complete,2026-06-29
EMP-0353,Complete,2018-04-04,Not Applicable,,Active,Complete,Complete,2026-03-30
EMP-0354,Complete,2019-05-28,Not Applicable,,Active,Complete,Complete,2026-08-03
EMP-0355,Complete,2026-01-09,Not Applicable,,Active,Complete,Complete,2026-08-29
EMP-0356,Complete,2023-10-23,Not Applicable,,Active,Complete,Complete,2026-08-19
EMP-0357,Complete,2026-05-15,Not Applicable,,Active,Complete,Complete,2026-06-05
EMP-0358,Complete,2017-01-02,Not Applicable,,Active,Complete,Complete,2026-04-21
EMP-0359,Complete,2016-07-09,Not Applicable,,Active,Complete,Complete,2026-07-16
EMP-0360,Complete,2016-09-13,Not Applicable,,Active,Complete,Complete,2026-06-05
EMP-0361,Complete,2017-01-24,Complete,2022-08-08,Inactive,Complete,Complete,2026-05-22
EMP-0362,Complete,2026-03-20,Not Applicable,,Active,Complete,Complete,2026-04-10
EMP-0363,Complete,2025-11-09,Not Applicable,,Active,Complete,Complete,2026-07-20
EMP-0364,Complete,2025-01-16,Not Applicable,,Active,Complete,Complete,2026-08-18
EMP-0365,Complete,2018-06-22,Complete,2022-04-23,Inactive,Complete,Complete,2026-06-21
EMP-0366,Complete,2021-04-01,Not Applicable,,Active,Complete,Complete,2026-06-11
EMP-0367,Complete,2026-03-19,Not Applicable,,Active,Complete,Complete,2026-03-24
EMP-0368,Complete,2021-04-26,Not Applicable,,Active,Complete,Complete,2026-01-09
EMP-0369,Complete,2020-05-19,Not Applicable,,Active,Complete,Complete,2026-01-08
EMP-0370,Complete,2018-10-10,Not Applicable,,Active,Complete,Complete,2026-06-17
EMP-0371,Complete,2021-07-27,Not Applicable,,Active,Complete,Complete,2026-07-03
EMP-0372,Complete,2017-10-16,Not Applicable,,Active,Complete,Complete,2026-03-05
EMP-0373,Complete,2022-07-31,Complete,2023-03-28,Inactive,Complete,Complete,2026-07-25
EMP-0374,Complete,2024-02-13,Not Applicable,,Active,Complete,Complete,2026-03-24
EMP-0375,Complete,2018-06-20,Not Applicable,,Active,Complete,Complete,2026-02-05
EMP-0376,Complete,2019-11-19,Not Applicable,,Active,Complete,Complete,2026-04-10
EMP-0377,Complete,2017-09-09,Not Applicable,,Active,Complete,Complete,2026-07-26
EMP-0378,Complete,2020-12-27,Not Applicable,,Active,Complete,Complete,2026-01-13
EMP-0379,Complete,2023-11-20,Not Applicable,,Active,Pending,Complete,2026-02-12
EMP-0380,Complete,2021-10-20,Not Applicable,,Active,Complete,Complete,2026-08-29
EMP-0381,Complete,2022-08-13,Not Applicable,,Active,Complete,Complete,2026-06-04
EMP-0382,Complete,2016-12-27,Not Applicable,,Active,Complete,Complete,2026-06-26
EMP-0383,Complete,2024-05-23,Complete,2025-03-03,Inactive,Pending,Complete,2026-02-15
EMP-0384,Complete,2024-05-21,Not Applicable,,Active,Complete,Complete,2026-05-18
EMP-0385,Complete,2017-04-12,Complete,2026-02-05,Inactive,Complete,Complete,2026-02-21
EMP-0386,Complete,2017-01-15,Not Applicable,,Active,Complete,Complete,2026-06-01
EMP-0387,Complete,2018-01-10,Not Applicable,,Active,Complete,Complete,2026-02-01
EMP-0388,Complete,,Not Applicable,,Active,Complete,Complete,2026-08-09
EMP-0389,Complete,2020-12-01,Not Applicable,,Active,Complete,Complete,2026-04-26
EMP-0390,Complete,2021-12-13,Not Applicable,,Active,Complete,Complete,2026-02-05
EMP-0391,Complete,2020-03-19,Not Applicable,,Active,Complete,Complete,2026-06-02
EMP-0392,Complete,2019-05-15,Complete,2024-12-25,Inactive,Complete,Complete,2026-01-07
EMP-0393,Complete,2016-06-29,Complete,2024-01-13,Inactive,Complete,Pending,2026-05-23
EMP-0394,Complete,2019-04-27,Not Applicable,,Active,Complete,Complete,2026-06-19
EMP-0395,Complete,2018-12-23,Not Applicable,,Active,Complete,Complete,2026-08-17
EMP-0396,Complete,2017-05-16,Not Applicable,,Active,Complete,Complete,2026-07-31
EMP-0397,Complete,2020-09-23,Not Applicable,,Active,Complete,Complete,2026-04-07
EMP-0398,Complete,2018-06-10,Not Applicable,,Active,Complete,Complete,2026-08-11
EMP-0399,Complete,2024-09-27,Not Applicable,,Active,Complete,Complete,2026-04-14
EMP-0400,Complete,2023-03-07,Not Applicable,,Active,Complete,Complete,2026-04-29
EMP-0401,Complete,2017-07-05,Not Applicable,,Active,Complete,Pending,2026-05-12
EMP-0402,Complete,2025-05-21,Complete,2026-03-16,Inactive,Complete,Complete,2026-05-27
EMP-0403,Complete,2024-02-23,Not Applicable,,Active,Complete,Complete,2026-08-14
EMP-0404,Complete,2016-03-24,Not Applicable,,Active,Complete,Complete,2026-01-19
EMP-0405,Complete,2021-05-12,Not Applicable,,Active,Complete,Complete,2026-07-09
EMP-0406,Complete,2016-04-04,Not Applicable,,Active,Complete,Complete,2026-04-28
EMP-0407,Complete,2021-09-26,Not Applicable,,Active,Complete,Complete,2026-08-07
EMP-0408,Complete,2022-09-25,Not Applicable,,Active,Complete,Pending,2026-03-11
EMP-0409,Complete,2016-09-14,Not Applicable,,Active,Complete,Complete,2026-02-26
EMP-0410,Complete,2018-04-15,Not Applicable,,Active,Complete,Complete,2026-01-14
EMP-0411,Complete,2023-09-13,Not Applicable,,Active,Complete,Complete,2026-05-22
EMP-0412,Complete,2018-01-30,Complete,2017-12-31,Inactive,Complete,Complete,2026-08-08
EMP-0413,Complete,2019-05-25,Complete,2019-08-26,Inactive,Pending,Complete,2026-05-28
EMP-0414,Complete,2026-05-17,Not Applicable,,Active,Complete,Complete,2026-02-04
EMP-0415,Complete,2022-03-09,Not Applicable,,Active,Complete,Complete,2026-02-02
EMP-0416,Complete,2021-06-17,Not Applicable,,Active,Complete,Complete,2026-06-23
EMP-0417,Complete,2021-07-04,Not Applicable,,Active,Complete,Complete,2026-02-16
EMP-0418,Complete,2017-07-02,Not Applicable,,Active,Complete,Complete,2026-08-07
EMP-0419,Complete,2019-07-26,Not Applicable,,Active,Complete,Complete,2026-03-20
EMP-0420,Complete,2025-08-17,Complete,2025-12-04,Inactive,Complete,Complete,2026-04-24
EMP-0421,Complete,2025-08-04,Not Applicable,,Active,Complete,Complete,2026-02-17
EMP-0422,Complete,2016-07-16,Not Applicable,,Active,Complete,Complete,2026-04-18
EMP-0423,Complete,2016-12-28,Complete,2020-07-19,Inactive,Complete,Complete,2026-03-06
EMP-0424,Complete,2024-04-02,Not Applicable,,Active,Complete,Complete,2026-04-17
EMP-0425,Complete,2024-04-30,Not Applicable,,Active,Complete,Complete,2026-06-21
EMP-0426,Complete,2022-07-31,Not Applicable,,Active,Complete,Complete,2026-04-14
EMP-0427,Complete,2025-07-16,Not Applicable,,Active,Complete,Complete,2026-03-21
EMP-0428,Complete,2025-03-01,Not Applicable,,Active,Complete,Complete,2026-02-14
EMP-0429,Complete,2024-02-19,Not Applicable,,Active,Complete,Complete,2026-05-03
EMP-0430,Complete,2025-12-08,Not Applicable,,Active,Complete,Complete,2026-02-28
EMP-0431,Complete,2019-04-24,Not Applicable,,Active,Complete,Complete,2026-02-23
EMP-0432,Complete,2016-09-14,Complete,2017-03-23,Inactive,Complete,Complete,2026-07-13
EMP-0433,Complete,2019-10-21,Not Applicable,,Active,Complete,Complete,2026-04-21
EMP-0434,Complete,2018-04-27,Complete,2022-01-08,Inactive,Complete,Complete,2026-01-07
EMP-0435,Complete,2024-12-04,Not Applicable,,Active,Complete,Complete,2026-07-17
EMP-0436,Complete,2020-04-04,Not Applicable,,Active,Complete,Complete,2026-08-28
EMP-0437,Complete,2023-10-10,Not Applicable,,Active,Complete,Complete,2026-02-18
EMP-0438,Complete,2017-10-04,Not Applicable,,Active,Complete,Complete,2026-03-20
EMP-0439,Complete,2023-04-18,Not Applicable,,Active,Complete,Complete,2026-04-19
EMP-0440,Complete,2020-07-14,Not Applicable,,Active,Complete,Complete,2026-05-15
EMP-0441,Complete,2016-07-13,Not Applicable,,Active,Complete,Complete,2026-02-27
EMP-0442,Complete,2025-09-14,Complete,2025-11-20,Inactive,Complete,Complete,2026-08-19
EMP-0443,Complete,2023-07-01,Not Applicable,,Active,Complete,Complete,2026-04-04
EMP-0444,Complete,2020-10-24,Not Applicable,,Active,Complete,Complete,2026-04-09
EMP-0445,Complete,2021-11-08,Not Applicable,,Active,Complete,Complete,2026-01-11
EMP-0446,Complete,2016-03-03,Not Applicable,,Active,Complete,Complete,2026-01-31
EMP-0447,Complete,2017-11-28,Not Applicable,,Active,Pending,Complete,2026-02-24
EMP-0448,Complete,2017-09-02,Not Applicable,,Active,Complete,Complete,2026-02-03
EMP-0449,Complete,2017-08-03,Not Applicable,,Active,Complete,Complete,2026-03-23
EMP-0450,Complete,2022-04-20,Not Applicable,,Active,Complete,Complete,2026-08-27
EMP-0451,Complete,2023-03-04,Not Applicable,,Active,Complete,Complete,2026-06-01
EMP-0452,Complete,2016-01-18,Complete,2021-09-21,Inactive,Complete,Complete,2026-08-09
EMP-0453,Complete,2024-11-03,Complete,2026-08-25,Inactive,Complete,Complete,2026-06-09
EMP-0454,Complete,2023-01-06,Not Applicable,,Active,Complete,Complete,2026-01-26
EMP-0455,Complete,2020-02-19,Not Applicable,,Active,Complete,Complete,2026-05-26
EMP-0456,Complete,2025-04-01,Not Applicable,,Active,Complete,Complete,2026-04-24
EMP-0457,Complete,2017-01-29,Complete,2019-09-13,Inactive,Complete,Complete,2026-07-16
EMP-0458,Complete,2022-06-22,Not Applicable,,Active,Complete,Complete,2026-02-04
EMP-0459,Complete,2016-07-20,Complete,2017-12-17,Inactive,Complete,Complete,2026-06-25
EMP-0460,Complete,2017-12-05,Not Applicable,,Active,Complete,Complete,2026-05-24
EMP-0461,Complete,2017-11-29,Not Applicable,,Active,Complete,Complete,2026-02-06
EMP-0462,Complete,2026-06-20,Not Applicable,,Active,Complete,Complete,2026-06-26
EMP-0463,Complete,2026-02-06,Not Applicable,,Active,Complete,Complete,2026-08-27
EMP-0464,Complete,2023-03-29,Not Applicable,,Active,Complete,Complete,2026-01-01
EMP-0465,Complete,2019-10-16,Not Applicable,,Active,Complete,Complete,2026-08-07
EMP-0466,Complete,2023-03-01,Not Applicable,,Active,Complete,Complete,2026-03-31
EMP-0467,Complete,2018-04-12,Not Applicable,,Active,Complete,Complete,2026-03-31
EMP-0468,Complete,2017-06-15,Complete,2022-04-25,Inactive,Complete,Complete,2026-08-20
EMP-0469,Complete,2025-03-26,Complete,2026-05-13,Inactive,Complete,Complete,2026-06-27
EMP-0470,Complete,2020-07-19,Not Applicable,,Active,Complete,Complete,2026-03-15
EMP-0471,Complete,2026-01-17,Not Applicable,,Active,Complete,Complete,2026-01-30
EMP-0472,Complete,2022-12-30,Not Applicable,,Active,Complete,Complete,2026-01-23
EMP-0473,Complete,2022-05-04,Not Applicable,,Active,Complete,Complete,2026-05-23
EMP-0474,Complete,2017-02-11,Not Applicable,,Active,Complete,Complete,2026-06-28
EMP-0475,Complete,2022-06-17,Not Applicable,,Active,Complete,Complete,2026-02-08
EMP-0476,Complete,2016-07-10,Not Applicable,,Active,Complete,Complete,2026-01-25
EMP-0477,Complete,2025-04-25,Not Applicable,,Active,Complete,Complete,2026-06-10
EMP-0478,Complete,2022-05-21,Not Applicable,,Active,Complete,Complete,2026-08-04
EMP-0479,Complete,2025-11-23,Not Applicable,,Active,Complete,Complete,2026-03-04
EMP-0480,Complete,2024-01-17,Not Applicable,,Active,Complete,Complete,2026-04-27
EMP-0481,Complete,2022-06-15,Not Applicable,,Active,Complete,Complete,2026-02-21
EMP-0482,Complete,2021-11-11,Not Applicable,,Active,Complete,Pending,2026-04-18
EMP-0483,Complete,2019-11-23,Not Applicable,,Active,Complete,Complete,2026-04-25
EMP-0484,Complete,2025-07-24,Not Applicable,,Active,Complete,Complete,2026-07-04
EMP-0485,Complete,2023-08-06,Not Applicable,,Active,Complete,Complete,2026-03-07
EMP-0486,Complete,2024-09-06,Not Applicable,,Active,Complete,Complete,2026-02-10
EMP-0487,Complete,2016-12-06,Complete,2019-09-13,Inactive,Complete,Complete,2026-05-20
EMP-0488,Complete,2018-09-12,Not Applicable,,Active,Complete,Complete,2026-05-12
EMP-0489,Complete,2023-10-29,Complete,2025-12-14,Inactive,Complete,Complete,2026-07-20
EMP-0490,Complete,2017-09-06,Not Applicable,,Active,Complete,Complete,2026-03-03
EMP-0491,Complete,2026-04-20,Not Applicable,,Active,Complete,Complete,2026-05-17
EMP-0492,Complete,2026-05-08,Not Applicable,,Active,Complete,Complete,2026-06-06
EMP-0493,Complete,2023-11-15,Complete,2024-06-26,Inactive,Complete,Complete,2026-07-02
EMP-0494,Complete,2020-05-23,Complete,2026-07-16,Inactive,Complete,Complete,2026-02-19
EMP-0495,Complete,2018-07-09,Not Applicable,,Active,Complete,Complete,2026-04-21
EMP-0496,Complete,2021-04-14,Not Applicable,,Active,Complete,Complete,2026-08-18
EMP-0497,Complete,2017-04-21,Not Applicable,,Active,Complete,Complete,2026-03-29
EMP-0498,Complete,2018-10-15,Not Applicable,,Active,Complete,Complete,2026-07-08
EMP-0499,Complete,2025-11-01,Complete,2025-12-22,Inactive,Complete,Complete,2026-06-16
EMP-0500,Complete,2016-08-09,Not Applicable,,Active,Complete,Complete,2026-06-26
EMP-0501,Complete,2023-08-04,Not Applicable,,Active,Complete,Complete,2026-06-17
EMP-0502,Complete,2022-08-12,Complete,2025-07-11,Inactive,Complete,Complete,2026-06-14
EMP-0503,Complete,2025-06-25,Complete,2025-12-09,Inactive,Complete,Complete,2026-02-19
EMP-0504,Complete,2019-09-13,Not Applicable,,Active,Complete,Complete,2026-03-15
EMP-0505,Complete,2021-06-01,Not Applicable,,Active,Complete,Complete,2026-06-10
EMP-0506,Complete,2017-11-06,Not Applicable,,Active,Complete,Complete,2026-02-15
EMP-0507,Complete,2023-10-23,Not Applicable,,Active,Complete,Complete,2026-07-12
EMP-0508,Complete,2017-02-26,Complete,2026-03-22,Inactive,Complete,Complete,2026-03-14
EMP-0509,Complete,2018-06-13,Not Applicable,,Active,Complete,Complete,2026-07-06
EMP-0510,Complete,2018-02-04,Not Applicable,,Active,Complete,Complete,2026-08-21
EMP-0511,Complete,2022-04-14,Not Applicable,,Active,Complete,Complete,2026-01-01
EMP-0512,Complete,2018-12-19,Not Applicable,,Active,Complete,Complete,2026-07-07
EMP-0513,Complete,2025-08-05,Not Applicable,,Active,Complete,Complete,2026-02-10
EMP-0514,Complete,2023-06-26,Not Applicable,,Active,Complete,Complete,2026-02-23
EMP-0515,Complete,2020-08-19,Not Applicable,,Active,Complete,Complete,2026-04-15
EMP-0516,Complete,2023-01-20,Not Applicable,,Active,Complete,Complete,2026-02-14
EMP-0517,Complete,2026-01-31,Not Applicable,,Active,Complete,Complete,2026-03-26
EMP-0518,Complete,2019-05-27,Not Applicable,,Active,Complete,Complete,2026-04-13
EMP-0519,Complete,2026-05-02,Not Applicable,,Active,Complete,Complete,2026-07-18
EMP-0520,Complete,2022-02-17,Not Applicable,,Active,Complete,Complete,2026-07-29
EMP-0521,Complete,2018-01-29,Not Applicable,,Active,Complete,Complete,2026-06-17
EMP-0522,Complete,2020-05-28,Not Applicable,,Active,Complete,Complete,2026-05-29
EMP-0523,Complete,2026-01-08,Not Applicable,,Active,Complete,Complete,2026-08-19
EMP-0524,Complete,2024-01-02,Not Applicable,,Active,Complete,Complete,2026-04-30
EMP-0525,Complete,2018-04-02,Not Applicable,,Active,Complete,Complete,2026-02-17
EMP-0526,Complete,2022-11-30,Complete,2023-03-20,Inactive,Complete,Complete,2026-06-23
EMP-0527,Complete,2024-08-06,Not Applicable,,Active,Complete,Complete,2026-02-03
EMP-0528,Complete,2016-07-17,Not Applicable,,Active,Complete,Complete,2026-02-09
EMP-0529,Complete,2022-12-04,Not Applicable,,Active,Complete,Complete,2026-08-19
EMP-0530,Complete,2020-08-27,Not Applicable,,Active,Complete,Complete,2026-02-28
EMP-0531,Complete,2022-01-24,Complete,2023-07-19,Inactive,Complete,Complete,2026-02-04
EMP-0532,Complete,2020-11-12,Not Applicable,,Active,Complete,Complete,2026-03-19
EMP-0533,Complete,2024-12-11,Complete,2025-06-15,Inactive,Complete,Complete,2026-06-24
EMP-0534,Complete,2019-12-11,Not Applicable,,Active,Complete,Complete,2026-06-26
EMP-0535,Complete,2022-07-09,Not Applicable,,Active,Complete,Complete,2026-03-20
EMP-0536,Complete,2020-11-12,Not Applicable,,Active,Complete,Complete,2026-02-11
EMP-0537,Complete,2016-01-14,Not Applicable,,Active,Complete,Complete,2026-05-23
EMP-0538,Complete,2020-02-28,Not Applicable,,Active,Complete,Complete,2026-04-17
EMP-0539,Complete,2021-05-18,Complete,2024-08-29,Inactive,Complete,Complete,2026-03-18
EMP-0540,Complete,2017-07-15,Not Applicable,,Active,Complete,Complete,2026-07-14
EMP-0541,Complete,2024-09-27,Not Applicable,,Active,Complete,Complete,2026-06-30
EMP-0542,Complete,2025-11-25,Not Applicable,,Active,Complete,Complete,2026-04-07
EMP-0543,Complete,2020-06-10,Not Applicable,,Active,Complete,Complete,2026-08-26
EMP-0544,Complete,2018-03-01,Not Applicable,,Active,Complete,Complete,2026-07-31
EMP-0545,Complete,2018-06-24,Not Applicable,,Active,Complete,Complete,2026-05-21
EMP-0546,Complete,2025-03-22,Not Applicable,,Active,Complete,Complete,2026-02-15
EMP-0547,Complete,2018-02-07,Not Applicable,,Active,Complete,Complete,2026-04-07
EMP-0548,Complete,2025-02-03,Not Applicable,,Active,Complete,Complete,2026-03-28
EMP-0549,Complete,2020-03-26,Not Applicable,,Active,Complete,Complete,2026-06-06
EMP-0550,Complete,2024-10-24,Not Applicable,,Active,Complete,Complete,2026-01-05
EMP-0551,Complete,2020-08-31,Not Applicable,,Active,Complete,Complete,2026-03-09
EMP-0552,Complete,2024-09-08,Not Applicable,,Active,Complete,Complete,2026-04-07
EMP-0553,Complete,2021-03-10,Complete,2026-08-04,Inactive,Complete,Complete,2026-03-03
EMP-0554,Complete,2021-10-07,Not Applicable,,Active,Complete,Complete,2026-01-13
EMP-0555,Complete,2020-11-24,Not Applicable,,Active,Complete,Complete,2026-08-28
EMP-0556,Complete,2021-09-11,Not Applicable,,Active,Complete,Complete,2026-02-13
EMP-0557,Complete,2018-01-30,Complete,2018-10-29,Inactive,Complete,Complete,2026-05-28
EMP-0558,Complete,2016-10-16,Not Applicable,,Active,Complete,Complete,2026-03-03
EMP-0559,Complete,2022-11-05,Not Applicable,,Active,Complete,Complete,2026-08-19
EMP-0560,Complete,2025-02-06,Not Applicable,,Active,Complete,Complete,2026-06-09
EMP-0561,Complete,2016-05-26,Not Applicable,,Active,Complete,Complete,2026-01-01
EMP-0562,Complete,2020-10-11,Not Applicable,,Active,Complete,Complete,2026-03-23
EMP-0563,Complete,2017-01-27,Not Applicable,,Active,Complete,Complete,2026-07-26
EMP-0564,Complete,2017-11-19,Not Applicable,,Active,Complete,Complete,2026-04-19
EMP-0565,Complete,2024-05-13,Complete,2025-11-03,Inactive,Complete,Complete,2026-05-24
EMP-0566,Complete,2017-04-11,Not Applicable,,Active,Complete,Complete,2026-01-29
EMP-0567,Complete,2026-01-05,Not Applicable,,Active,Complete,Complete,2026-03-01
EMP-0568,Complete,2026-03-13,Not Applicable,,Active,Complete,Complete,2026-02-14
EMP-0569,Complete,2019-05-12,Not Applicable,,Active,Complete,Complete,2026-01-01
EMP-0570,Complete,2025-03-08,Not Applicable,,Active,Complete,Complete,2026-03-30
EMP-0571,Complete,2022-06-30,Not Applicable,,Active,Complete,Complete,2026-06-30
EMP-0572,Complete,2024-03-03,Complete,2025-09-10,Inactive,Complete,Complete,2026-06-24
EMP-0573,Complete,2018-01-07,Not Applicable,,Active,Complete,Complete,2026-08-10
EMP-0574,Complete,2016-11-23,Not Applicable,,Active,Complete,Complete,2026-05-01
EMP-0575,Complete,2016-07-26,Not Applicable,,Active,Complete,Complete,2026-04-16
EMP-0576,Complete,2025-09-12,Not Applicable,,Active,Complete,Complete,2026-02-25
EMP-0577,Complete,2016-03-19,Not Applicable,,Active,Complete,Complete,2026-01-20
EMP-0578,Complete,2023-09-15,Not Applicable,,Active,Complete,Complete,2026-02-08
EMP-0579,Complete,2020-02-09,Not Applicable,,Active,Complete,Complete,2026-08-21
EMP-0580,Complete,2025-02-05,Complete,2025-07-07,Inactive,Complete,Complete,2026-06-17
EMP-0581,Complete,2017-05-11,Complete,2026-06-12,Inactive,Complete,Complete,2026-06-20
EMP-0582,Complete,2019-07-12,Not Applicable,,Active,Complete,Complete,2026-06-01
EMP-0583,Complete,2016-05-02,Not Applicable,,Active,Complete,Complete,2026-03-12
EMP-0584,Complete,2018-08-04,Not Applicable,,Active,Complete,Complete,2026-02-15
EMP-0585,Complete,2018-12-05,Not Applicable,,Active,Complete,Complete,2026-01-30
EMP-0586,Complete,2022-08-11,Not Applicable,,Active,Complete,Complete,2026-05-15
EMP-0587,Complete,2025-04-22,Not Applicable,,Active,Complete,Complete,2026-05-12
EMP-0588,Complete,2021-03-06,Not Applicable,,Active,Complete,Complete,2026-08-21
EMP-0589,Complete,2016-12-26,Not Applicable,,Active,Complete,Complete,2026-02-25
EMP-0590,Complete,2022-03-26,Not Applicable,,Active,Complete,Complete,2026-03-10
EMP-0591,Complete,2024-09-30,Not Applicable,,Active,Complete,Complete,2026-02-16
EMP-0592,Complete,2018-05-26,Not Applicable,,Active,Complete,Complete,2026-01-06
EMP-0593,Complete,2022-12-17,Not Applicable,,Active,Complete,Complete,2026-05-02
EMP-0594,Complete,2019-01-29,Not Applicable,,Active,Complete,Complete,2026-03-12
EMP-0595,Complete,2018-04-16,Not Applicable,,Active,Complete,Complete,2026-05-12
EMP-0596,Complete,2021-10-16,Not Applicable,,Active,Complete,Complete,2026-04-20
EMP-0597,Complete,2024-04-04,Not Applicable,,Active,Complete,Complete,2026-06-17
EMP-0598,Complete,2025-01-31,Not Applicable,,Active,Complete,Complete,2026-03-24
EMP-0599,Complete,2023-05-30,Not Applicable,,Active,Complete,Complete,2026-04-10
EMP-0600,Complete,2025-04-10,Complete,2025-05-16,Inactive,Complete,Complete,2026-02-26
EMP-0601,Complete,2023-04-10,Not Applicable,,Active,Complete,Complete,2026-03-20
EMP-0602,Complete,2022-11-08,Not Applicable,,Active,Complete,Complete,2026-02-12
EMP-0603,Complete,2026-01-27,Not Applicable,,Active,Complete,Complete,2026-04-03
EMP-0604,Complete,2019-03-10,Not Applicable,,Active,Complete,Complete,2026-02-23
EMP-0605,Complete,2021-01-04,Not Applicable,,Active,Complete,Complete,2026-08-08
EMP-0606,Complete,2023-06-11,Not Applicable,,Active,Complete,Complete,2026-02-03
EMP-0607,Complete,2019-09-01,Not Applicable,,Active,Complete,Complete,2026-08-06
EMP-0608,Complete,2019-08-19,Complete,2021-05-28,Inactive,Complete,Complete,2026-07-01
EMP-0609,Complete,2026-03-28,Not Applicable,,Active,Complete,Complete,2026-03-09
EMP-0610,Complete,2023-04-15,Not Applicable,,Active,Complete,Complete,2026-05-02
EMP-0611,Complete,2019-03-19,Not Applicable,,Active,Complete,Complete,2026-02-05
EMP-0612,Complete,2016-03-15,Complete,2019-04-05,Inactive,Complete,Complete,2026-01-10
EMP-0613,Complete,2019-08-29,Not Applicable,,Active,Complete,Complete,2026-08-05
EMP-0614,Complete,2020-12-19,Not Applicable,,Active,Complete,Complete,2026-06-19
EMP-0615,Complete,2017-03-27,Not Applicable,,Active,Complete,Complete,2026-05-04
EMP-0616,Complete,2017-10-15,Not Applicable,,Active,Complete,Complete,2026-06-11
EMP-0617,Complete,2026-02-28,Not Applicable,,Active,Complete,Complete,2026-04-20
EMP-0618,Complete,2025-04-30,Not Applicable,,Active,Complete,Complete,2026-05-26
EMP-0619,Complete,2023-03-25,Not Applicable,,Active,Complete,Complete,2026-05-30
EMP-0620,Complete,2026-03-13,Not Applicable,,Active,Complete,Complete,2026-07-14
EMP-0621,Complete,2026-02-24,Not Applicable,,Active,Complete,Complete,2026-02-19
EMP-0622,Complete,2020-11-17,Not Applicable,,Active,Complete,Complete,2026-03-13
EMP-0623,Complete,2019-12-21,Not Applicable,,Active,Complete,Complete,2026-04-20
EMP-0624,Complete,2019-07-15,Not Applicable,,Active,Complete,Complete,2026-04-16
EMP-0625,Complete,2021-08-28,Not Applicable,,Active,Complete,Complete,2026-01-01
EMP-0626,Complete,2023-04-24,Not Applicable,,Active,Complete,Complete,2026-06-07
EMP-0627,Complete,2023-01-05,Not Applicable,,Active,Complete,Complete,2026-05-01
EMP-0628,Complete,2026-03-16,Not Applicable,,Active,Complete,Complete,2026-08-04
EMP-0629,Complete,2016-06-05,Not Applicable,,Active,Complete,Complete,2026-04-24
EMP-0630,Complete,2024-10-02,Not Applicable,,Active,Complete,Complete,2026-04-08
EMP-0631,Complete,2020-06-01,Not Applicable,,Active,Complete,Complete,2026-07-10
EMP-0632,Complete,2019-08-28,Not Applicable,,Active,Complete,Complete,2026-03-19
EMP-0633,Complete,2016-07-03,Not Applicable,,Active,Complete,Complete,2026-01-01
EMP-0634,Complete,2016-05-25,Not Applicable,,Active,Complete,Complete,2026-05-18
EMP-0635,Complete,2023-09-21,Not Applicable,,Active,Complete,Complete,2026-01-17
EMP-0636,Complete,2016-11-05,Complete,2022-04-01,Inactive,Complete,Complete,2026-06-07
EMP-0637,Complete,2020-04-03,Not Applicable,,Active,Complete,Complete,2026-06-20
EMP-0638,Complete,2019-05-01,Not Applicable,,Active,Complete,Complete,2026-03-04
EMP-0639,Complete,2017-08-03,Complete,2022-06-27,Inactive,Complete,Complete,2026-08-07
EMP-0640,Complete,2020-12-14,Not Applicable,,Active,Complete,Complete,2026-02-23
EMP-0641,Complete,2026-01-22,Not Applicable,,Active,Complete,Complete,2026-08-09
EMP-0642,Complete,2018-07-30,Not Applicable,,Active,Complete,Complete,2026-07-16
EMP-0643,Complete,2018-03-20,Not Applicable,,Active,Complete,Complete,2026-01-28
EMP-0644,Complete,2019-12-24,Not Applicable,,Active,Complete,Complete,2026-05-19
EMP-0645,Complete,2025-02-12,Not Applicable,,Active,Complete,Complete,2026-06-25
EMP-0646,Complete,2017-07-30,Complete,2025-05-04,Inactive,Complete,Complete,2026-08-21
EMP-0647,Complete,2020-05-14,Not Applicable,,Active,Complete,Complete,2026-07-27
EMP-0648,Complete,2022-01-14,Not Applicable,,Active,Complete,Complete,2026-02-24
EMP-0649,Complete,2018-05-19,Not Applicable,,Active,Complete,Complete,2026-02-06
EMP-0650,Complete,2023-12-19,Not Applicable,,Active,Complete,Complete,2026-03-30
EMP-0651,Complete,2019-01-26,Complete,2021-01-22,Inactive,Complete,Complete,2026-05-20
EMP-0652,Complete,2018-12-23,Not Applicable,,Active,Complete,Complete,2026-02-01
EMP-0653,Complete,2023-01-04,Not Applicable,,Active,Complete,Complete,2026-02-27
EMP-0654,Complete,2023-06-21,Complete,2023-08-11,Inactive,Complete,Complete,2026-04-24
EMP-0655,Complete,2019-09-22,Not Applicable,,Active,Complete,Complete,2026-08-06
EMP-0656,Complete,2022-01-25,Not Applicable,,Active,Complete,Complete,2026-08-26
EMP-0657,Complete,2021-07-31,Not Applicable,,Active,Complete,Complete,2026-01-27
EMP-0658,Complete,2016-07-15,Not Applicable,,Active,Complete,Complete,2026-08-20
EMP-0659,Complete,2019-10-10,Not Applicable,,Active,Complete,Complete,2026-02-08
EMP-0660,Complete,2021-01-24,Complete,2021-07-14,Inactive,Complete,Complete,2026-03-24
EMP-0661,Complete,2016-02-03,Not Applicable,,Active,Complete,Complete,2026-03-02
EMP-0662,Complete,2018-10-23,Not Applicable,,Active,Complete,Complete,2026-07-26
EMP-0663,Complete,2021-07-05,Complete,2026-04-27,Inactive,Complete,Complete,2026-01-14
EMP-0664,Complete,2020-09-07,Not Applicable,,Active,Complete,Complete,2026-01-11
EMP-0665,Complete,2025-05-10,Not Applicable,,Active,Complete,Complete,2026-06-08
EMP-0666,Complete,2017-06-30,Not Applicable,,Active,Complete,Complete,2026-08-12
EMP-0667,Complete,2016-03-11,Not Applicable,,Active,Complete,Complete,2026-04-01
EMP-0668,Complete,2018-05-24,Not Applicable,,Active,Complete,Complete,2026-01-19
EMP-0669,Complete,2019-05-22,Not Applicable,,Active,Complete,Complete,2026-01-05
EMP-0670,Complete,2025-09-22,Not Applicable,,Active,Complete,Complete,2026-05-08
EMP-0671,Complete,2019-08-04,Not Applicable,,Active,Complete,Complete,2026-04-28
EMP-0672,Complete,2024-02-05,Complete,2026-02-23,Inactive,Complete,Complete,2026-02-11
EMP-0673,Complete,2021-11-09,Not Applicable,,Active,Complete,Complete,2026-02-26
EMP-0674,Complete,2024-09-17,Not Applicable,,Active,Complete,Complete,2026-07-13
EMP-0675,Complete,2026-03-07,Not Applicable,,Active,Complete,Complete,2026-04-05
EMP-0676,Complete,2021-10-03,Complete,2024-08-29,Inactive,Complete,Complete,2026-06-29
EMP-0677,Complete,2018-09-16,Complete,2025-08-18,Inactive,Complete,Complete,2026-08-07
EMP-0678,Complete,2021-04-21,Not Applicable,,Active,Complete,Complete,2026-02-10
EMP-0679,Complete,2018-04-22,Complete,2023-10-05,Inactive,Complete,Complete,2026-07-16
EMP-0680,Complete,2018-06-27,Not Applicable,,Active,Complete,Complete,2026-05-25
EMP-0681,Complete,2019-07-06,Not Applicable,,Active,Complete,Complete,2026-01-07
EMP-0682,Complete,2021-05-14,Not Applicable,,Active,Complete,Complete,2026-02-03
EMP-0683,Complete,2026-06-21,Not Applicable,,Active,Complete,Complete,2026-01-06
EMP-0684,Complete,2018-03-11,Complete,2019-09-19,Inactive,Complete,Complete,2026-03-10
EMP-0685,Complete,2017-05-09,Complete,2021-07-22,Inactive,Complete,Complete,2026-05-25
EMP-0686,Complete,2020-10-22,Not Applicable,,Active,Complete,Complete,2026-06-13
EMP-0687,Complete,2019-06-01,Not Applicable,,Active,Complete,Complete,2026-08-07
EMP-0688,Complete,2023-12-15,Not Applicable,,Active,Complete,Complete,2026-01-29
EMP-0689,Complete,2016-06-27,Complete,2020-03-13,Inactive,Complete,Complete,2026-04-25
EMP-0690,Complete,2023-11-28,Not Applicable,,Active,Complete,Complete,2026-07-07
EMP-0691,Complete,2020-10-01,Complete,,Inactive,Complete,Complete,2026-02-12
EMP-0692,Complete,2019-09-04,Not Applicable,,Active,Complete,Complete,2026-07-31
EMP-0693,Complete,2026-01-15,Not Applicable,,Active,Complete,Complete,2026-07-01
EMP-0694,Complete,2018-09-30,Not Applicable,,Active,Complete,Complete,2026-06-13
EMP-0695,Complete,2019-04-05,Not Applicable,,Active,Complete,Complete,2026-02-22
EMP-0696,Complete,2025-06-24,Not Applicable,,Active,Complete,Complete,2026-08-19
EMP-0697,Complete,2018-03-24,Not Applicable,,Active,Complete,Complete,2026-04-22
EMP-0698,Complete,2016-04-17,Complete,2018-03-23,Inactive,Complete,Complete,2026-02-14
EMP-0699,Complete,2025-01-29,Not Applicable,,Active,Complete,Complete,2026-07-14
EMP-0700,Complete,2022-11-17,Not Applicable,,Active,Complete,Complete,2026-04-15
EMP-0701,Complete,2017-12-15,Not Applicable,,Active,Complete,Complete,2026-04-04
EMP-0702,Complete,2016-07-02,Not Applicable,,Active,Complete,Complete,2026-05-02
EMP-0703,Complete,2024-08-16,Not Applicable,,Active,Complete,Complete,2026-08-06
EMP-0704,Complete,2018-07-06,Not Applicable,,Active,Complete,Complete,2026-01-23
EMP-0705,Complete,2017-02-25,Not Applicable,,Active,Complete,Complete,2026-03-02
EMP-0706,Complete,2023-10-30,Not Applicable,,Active,Complete,Complete,2026-05-31
EMP-0707,Complete,2019-11-21,Complete,2022-08-07,Inactive,Complete,Complete,2026-06-08
EMP-0708,Complete,2019-01-03,Complete,2020-09-02,Inactive,Complete,Complete,2026-06-27
EMP-0709,Complete,2025-11-07,Not Applicable,,Active,Complete,Complete,2026-02-04
EMP-0710,Complete,2025-02-22,Not Applicable,,Active,Complete,Complete,2026-08-23
EMP-0711,Complete,2017-07-02,Not Applicable,,Active,Complete,Complete,2026-07-02
EMP-0712,Complete,2020-07-11,Not Applicable,,Active,Complete,Complete,2026-03-24
EMP-0713,Complete,2019-02-27,Not Applicable,,Active,Complete,Complete,2026-04-04
EMP-0714,Complete,2026-02-13,Not Applicable,,Active,Complete,Complete,2026-08-25
EMP-0715,Complete,2016-04-04,Not Applicable,,Active,Complete,Complete,2026-08-27
EMP-0716,Complete,2024-07-25,Complete,2026-04-26,Inactive,Complete,Complete,2026-05-07
EMP-0717,Complete,2023-08-24,Not Applicable,,Active,Complete,Complete,2026-01-31
EMP-0718,Complete,2020-12-12,Not Applicable,,Active,Complete,Complete,2026-07-15
EMP-0719,Complete,2020-02-26,Not Applicable,,Active,Complete,Complete,2026-06-18
EMP-0720,Complete,2024-06-25,Not Applicable,,Active,Complete,Complete,2026-05-10
EMP-0721,Complete,2022-12-22,Not Applicable,,Active,Complete,Complete,2026-01-25
EMP-0722,Complete,2021-07-01,Not Applicable,,Active,Complete,Complete,2026-01-02
EMP-0723,Complete,,Not Applicable,,Active,Complete,Complete,2026-07-25
EMP-0724,Complete,2022-09-30,Not Applicable,,Active,Pending,Complete,2026-02-06
EMP-0725,Complete,2022-04-15,Not Applicable,,Active,Complete,Complete,2026-02-17
EMP-0726,Complete,2018-07-17,Not Applicable,,Active,Complete,Complete,2026-03-21
EMP-0727,Complete,2018-05-03,Not Applicable,,Active,Complete,Complete,2026-02-02
EMP-0728,Complete,2023-01-10,Not Applicable,,Active,Complete,Complete,2026-03-29
EMP-0729,Complete,2023-06-23,Not Applicable,,Active,Complete,Complete,2026-06-21
EMP-0730,Complete,2024-08-18,Not Applicable,,Active,Complete,Complete,2026-05-09
EMP-0731,Complete,2024-06-08,Not Applicable,,Active,Complete,Complete,2026-03-15
EMP-0732,Complete,2018-08-14,Not Applicable,,Active,Complete,Complete,2026-04-07
EMP-0733,Complete,2025-01-01,Complete,2025-09-19,Inactive,Complete,Complete,2026-02-03
EMP-0734,Complete,2020-07-26,Not Applicable,,Active,Complete,Complete,2026-04-09
EMP-0735,Complete,2020-05-15,Not Applicable,,Active,Complete,Complete,2026-01-14
EMP-0736,Complete,2016-11-13,Not Applicable,,Active,Complete,Complete,2026-08-21
EMP-0737,Complete,2021-07-12,Not Applicable,,Active,Complete,Complete,2026-06-01
EMP-0738,Complete,2016-02-13,Not Applicable,,Active,Complete,Complete,2026-02-02
EMP-0739,Complete,2019-04-29,Not Applicable,,Active,Complete,Complete,2026-07-15
EMP-0740,Complete,2022-05-07,Not Applicable,,Active,Complete,Complete,2026-05-12
EMP-0741,Complete,2018-08-02,Complete,2022-09-26,Inactive,Complete,Complete,2026-04-09
EMP-0742,Complete,2022-05-05,Complete,2024-05-31,Inactive,Complete,Complete,2026-05-14
EMP-0743,Complete,2023-06-07,Not Applicable,,Active,Pending,Complete,2026-03-30
EMP-0744,Complete,2022-06-30,Not Applicable,,Active,Complete,Complete,2026-05-07
EMP-0745,Complete,2016-10-11,Not Applicable,,Active,Complete,Complete,2026-03-06
EMP-0746,Complete,2019-12-20,Not Applicable,,Active,Complete,Complete,2026-02-04
EMP-0747,Complete,2024-07-05,Not Applicable,,Active,Complete,Complete,2026-01-18
EMP-0748,Complete,2022-04-28,Not Applicable,,Active,Complete,Complete,2026-03-01
EMP-0749,Complete,2024-08-05,Not Applicable,,Active,Complete,Complete,2026-06-19
EMP-0750,Complete,2020-08-22,Not Applicable,,Active,Complete,Complete,2026-01-24
EMP-0751,Complete,2018-08-27,Not Applicable,,Active,Pending,Complete,2026-06-29
EMP-0752,Complete,2019-07-30,Not Applicable,,Active,Complete,Complete,2026-02-28
EMP-0753,Complete,2021-05-13,Not Applicable,,Active,Complete,Complete,2026-05-28
EMP-0754,Complete,2018-05-05,Not Applicable,,Active,Complete,Complete,2026-04-23
EMP-0755,Complete,2024-11-12,Complete,2025-11-24,Inactive,Complete,Pending,2026-02-09
EMP-0756,Complete,2016-02-04,Not Applicable,,Active,Complete,Complete,2026-02-14
EMP-0757,Complete,2018-12-28,Not Applicable,,Active,Complete,Complete,2026-02-28
EMP-0758,Complete,2021-03-15,Complete,2021-06-22,Inactive,Complete,Complete,2026-07-18
EMP-0759,Complete,2024-12-08,Not Applicable,,Active,Complete,Complete,2026-03-21
EMP-0760,Complete,2018-04-24,Complete,2023-12-20,Inactive,Complete,Complete,2026-03-30
EMP-0761,Complete,2026-06-17,Not Applicable,,Active,Complete,Complete,2026-05-07
EMP-0762,Complete,2022-10-18,Not Applicable,,Active,Complete,Complete,2026-02-17
EMP-0763,Complete,2021-08-10,Not Applicable,,Active,Complete,Complete,2026-01-11
EMP-0764,Complete,2020-08-20,Not Applicable,,Active,Complete,Complete,2026-06-03
EMP-0765,Complete,2025-11-26,Not Applicable,,Active,Complete,Complete,2026-05-12
EMP-0766,Complete,2024-11-29,Not Applicable,,Active,Complete,Complete,2026-06-23
EMP-0767,Complete,2017-01-21,Not Applicable,,Active,Complete,Complete,2026-06-27
EMP-0768,Complete,2016-12-30,Not Applicable,,Active,Complete,Complete,2026-04-27
EMP-0769,Complete,2023-12-17,Complete,2024-04-22,Inactive,Complete,Complete,2026-04-29
EMP-0770,Complete,2022-05-09,Not Applicable,,Active,Complete,Complete,2026-03-20
EMP-0771,Complete,2018-05-16,Not Applicable,,Active,Complete,Complete,2026-02-03
EMP-0772,Complete,2025-06-17,Not Applicable,,Active,Complete,Complete,2026-01-28
EMP-0773,Complete,2018-07-07,Not Applicable,,Active,Complete,Complete,2026-07-05
EMP-0774,Complete,2020-04-13,Not Applicable,,Active,Complete,Complete,2026-05-28
EMP-0775,Complete,2021-05-11,Not Applicable,,Active,Complete,Complete,2026-03-26
EMP-0776,Complete,2019-11-13,Not Applicable,,Active,Complete,Complete,2026-03-01
EMP-0777,Complete,2020-01-29,Not Applicable,,Active,Complete,Complete,2026-07-07
EMP-0778,Complete,2024-09-22,Not Applicable,,Active,Complete,Complete,2026-05-31
EMP-0779,Complete,2024-04-04,Not Applicable,,Active,Complete,Complete,2026-05-10
EMP-0780,Complete,2018-04-29,Not Applicable,,Active,Complete,Complete,2026-03-28
EMP-0781,Complete,2020-04-21,Not Applicable,,Active,Complete,Complete,2026-04-21
EMP-0782,Complete,2016-04-13,Not Applicable,,Active,Complete,Complete,2026-08-04
EMP-0783,Complete,2024-10-04,Not Applicable,,Active,Complete,Complete,2026-07-12
EMP-0784,Complete,2017-12-14,Not Applicable,,Active,Complete,Complete,2026-08-26
EMP-0785,Complete,2020-05-18,Not Applicable,,Active,Complete,Complete,2026-01-21
EMP-0786,Complete,2025-11-14,Not Applicable,,Active,Complete,Complete,2026-07-26
EMP-0787,Complete,2021-01-12,Not Applicable,,Active,Complete,Complete,2026-05-21
EMP-0788,Complete,2025-10-15,Not Applicable,,Active,Complete,Complete,2026-07-23
EMP-0789,Complete,2026-01-10,Not Applicable,,Active,Complete,Complete,2026-01-02
EMP-0790,Complete,2026-03-26,Not Applicable,,Active,Complete,Complete,2026-07-27
EMP-0791,Complete,2022-02-28,Not Applicable,,Active,Complete,Complete,2026-03-06
EMP-0792,Complete,2017-07-16,Not Applicable,,Active,Complete,Complete,2026-06-11
EMP-0793,Complete,2025-05-13,Not Applicable,,Active,Complete,Complete,2026-07-20
EMP-0794,Complete,2021-05-20,Not Applicable,,Active,Complete,Complete,2026-01-22
EMP-0795,Complete,2023-05-04,Not Applicable,,Active,Complete,Complete,2026-04-29
EMP-0796,Complete,2022-04-16,Not Applicable,,Active,Complete,Complete,2026-05-24
EMP-0797,Complete,2020-10-02,Not Applicable,,Active,Complete,Complete,2026-04-28
EMP-0798,Complete,2023-02-01,Not Applicable,,Active,Complete,Complete,2026-04-08
EMP-0799,Complete,2023-04-07,Not Applicable,,Active,Complete,Complete,2026-08-28
EMP-0800,Complete,2021-07-10,Not Applicable,,Active,Complete,Complete,2026-01-06
EMP-0801,Complete,2017-11-22,Not Applicable,,Active,Complete,Complete,2026-06-21
EMP-0802,Complete,2021-12-06,Not Applicable,,Active,Complete,Complete,2026-06-01
EMP-0803,Complete,2026-03-06,Not Applicable,,Active,Complete,Complete,2026-01-25
EMP-0804,Complete,2022-10-31,Not Applicable,,Active,Complete,Complete,2026-01-02
EMP-0805,Complete,2024-08-03,Not Applicable,,Active,Complete,Complete,2026-06-30
EMP-0806,Complete,2019-03-18,Not Applicable,,Active,Complete,Complete,2026-08-02
EMP-0807,Complete,2026-06-03,Not Applicable,,Active,Complete,Complete,2026-02-09
EMP-0808,Complete,2026-02-21,Not Applicable,,Active,Complete,Pending,2026-07-01
EMP-0809,Complete,2023-02-01,Not Applicable,,Active,Complete,Complete,2026-06-10
EMP-0810,Complete,2020-11-23,Not Applicable,,Active,Complete,Complete,2026-03-18
EMP-0811,Complete,2023-01-25,Not Applicable,,Active,Complete,Complete,2026-02-14
EMP-0812,Complete,2020-09-08,Not Applicable,,Active,Complete,Complete,2026-04-07
EMP-0813,Complete,2018-10-15,Not Applicable,,Active,Complete,Pending,2026-01-19
EMP-0814,Complete,2022-12-23,Not Applicable,,Active,Complete,Complete,2026-07-23
EMP-0815,Complete,2016-08-27,Not Applicable,,Active,Complete,Complete,2026-06-16
EMP-0816,Complete,2018-07-23,Not Applicable,,Active,Complete,Complete,2026-02-23
EMP-0817,Complete,2022-01-15,Complete,2025-12-07,Inactive,Complete,Complete,2026-08-17
EMP-0818,Complete,2024-02-29,Not Applicable,,Active,Complete,Complete,2026-03-23
EMP-0819,Complete,2021-07-30,Not Applicable,,Active,Complete,Complete,2026-05-08
EMP-0820,Complete,2019-02-09,Not Applicable,,Active,Complete,Complete,2026-07-23
EMP-0821,Complete,2016-07-16,Not Applicable,,Active,Complete,Complete,2026-03-05
EMP-0822,Complete,2018-06-17,Not Applicable,,Active,Complete,Complete,2026-07-20
EMP-0823,Complete,2022-02-04,Not Applicable,,Active,Complete,Complete,2026-06-08
EMP-0824,Complete,2025-03-10,Complete,2026-06-24,Inactive,Complete,Complete,2026-06-23
EMP-0825,Complete,2025-12-10,Not Applicable,,Active,Complete,Complete,2026-04-09
EMP-0826,Complete,2026-04-12,Not Applicable,,Active,Complete,Complete,2026-06-13
EMP-0827,Complete,2023-10-23,Not Applicable,,Active,Complete,Complete,2026-04-11
EMP-0828,Complete,2021-09-02,Complete,2024-05-04,Inactive,Complete,Complete,2026-01-22
EMP-0829,Complete,2018-07-13,Not Applicable,,Active,Complete,Complete,2026-08-24
EMP-0830,Complete,2020-06-09,Not Applicable,,Active,Complete,Complete,2026-07-15
EMP-0831,Complete,2023-03-23,Not Applicable,,Active,Complete,Complete,2026-08-28
EMP-0832,Complete,2025-09-23,Not Applicable,,Active,Complete,Complete,2026-03-16
EMP-0833,Complete,2019-01-27,Not Applicable,,Active,Complete,Pending,2026-07-09
EMP-0834,Complete,2021-07-21,Not Applicable,,Active,Complete,Complete,2026-07-06
EMP-0835,Complete,2018-11-24,Not Applicable,,Active,Complete,Complete,2026-01-22
EMP-0836,Complete,2019-03-12,Not Applicable,,Active,Complete,Complete,2026-04-09
EMP-0837,Complete,2016-04-14,Not Applicable,,Active,Complete,Complete,2026-04-09
EMP-0838,Complete,2019-12-27,Not Applicable,,Active,Complete,Complete,2026-02-05
EMP-0839,Complete,2018-08-03,Not Applicable,,Active,Complete,Complete,2026-07-09
EMP-0840,Complete,2017-02-20,Not Applicable,,Active,Complete,Complete,2026-08-05
EMP-0841,Complete,2023-09-20,Complete,2026-05-02,Inactive,Complete,Complete,2026-07-24
EMP-0842,Complete,2020-07-22,Not Applicable,,Active,Complete,Complete,2026-05-17
EMP-0843,Complete,2019-12-17,Not Applicable,,Active,Complete,Complete,2026-01-03
EMP-0844,Complete,2020-09-10,Not Applicable,,Active,Complete,Complete,2026-04-28
EMP-0845,Complete,2026-02-15,Not Applicable,,Active,Complete,Complete,2026-08-14
EMP-0846,Complete,2022-01-10,Not Applicable,,Active,Complete,Complete,2026-02-20
EMP-0847,Complete,2020-01-22,Not Applicable,,Active,Complete,Complete,2026-07-22
EMP-0848,Complete,2023-11-01,Complete,2024-10-23,Inactive,Complete,Complete,2026-02-13
EMP-0849,Complete,2026-06-02,Not Applicable,,Active,Complete,Complete,2026-06-28
EMP-0850,Complete,2019-08-07,Not Applicable,,Active,Complete,Complete,2026-05-09
EMP-0851,Complete,2019-12-10,Not Applicable,,Active,Complete,Complete,2026-08-11
EMP-0852,Complete,2019-01-20,Not Applicable,,Active,Complete,Complete,2026-05-22
EMP-0853,Complete,2016-12-28,Not Applicable,,Active,Complete,Complete,2026-08-25
EMP-0854,Complete,2017-04-15,Not Applicable,,Active,Complete,Complete,2026-01-12
EMP-0855,Complete,2026-06-12,Not Applicable,,Active,Complete,Complete,2026-05-24
EMP-0856,Complete,2026-05-31,Not Applicable,,Active,Complete,Complete,2026-06-26
EMP-0857,Complete,2017-06-03,Not Applicable,,Active,Complete,Complete,2026-04-25
EMP-0858,Complete,2020-10-16,Not Applicable,,Active,Complete,Complete,2026-07-31
EMP-0859,Complete,2026-01-31,Not Applicable,,Active,Complete,Complete,2026-05-13
EMP-0860,Complete,2021-05-09,Complete,2024-08-25,Inactive,Complete,Complete,2026-08-16
EMP-0861,Complete,2016-04-19,Not Applicable,,Active,Complete,Complete,2026-05-01
EMP-0862,Complete,2017-12-21,Not Applicable,,Active,Complete,Complete,2026-08-22
EMP-0863,Complete,2025-06-16,Not Applicable,,Active,Complete,Complete,2026-08-06
EMP-0864,Complete,2018-03-15,Not Applicable,,Active,Complete,Complete,2026-08-04
EMP-0865,Complete,2022-03-15,Not Applicable,,Active,Complete,Complete,2026-08-05
EMP-0866,Complete,2025-11-29,Not Applicable,,Active,Complete,Complete,2026-04-14
EMP-0867,Complete,2018-11-17,Not Applicable,,Active,Complete,Complete,2026-02-14
EMP-0868,Complete,2017-03-07,Not Applicable,,Active,Complete,Complete,2026-07-16
EMP-0869,Complete,2019-03-03,Not Applicable,,Active,Complete,Complete,2026-02-20
EMP-0870,Complete,2017-07-27,Not Applicable,,Active,Complete,Complete,2026-07-17
EMP-0871,Complete,2025-11-06,Not Applicable,,Active,Complete,Complete,2026-01-27
EMP-0872,Complete,2023-07-31,Not Applicable,,Active,Complete,Complete,2026-05-21
EMP-0873,Complete,2020-03-21,Not Applicable,,Active,Complete,Complete,2026-07-21
EMP-0874,Complete,2022-07-27,Not Applicable,,Active,Complete,Complete,2026-07-01
EMP-0875,Complete,2019-01-07,Not Applicable,,Active,Complete,Complete,2026-03-29
EMP-0876,Complete,2022-06-24,Not Applicable,,Active,Complete,Complete,2026-02-11
EMP-0877,Complete,2024-06-23,Not Applicable,,Active,Complete,Complete,2026-08-04
EMP-0878,Complete,2020-04-05,Not Applicable,,Active,Complete,Complete,2026-03-21
EMP-0879,Complete,2023-11-08,Not Applicable,,Active,Complete,Complete,2026-01-16
EMP-0880,Complete,2022-08-04,Not Applicable,,Active,Complete,Complete,2026-01-13
EMP-0881,Complete,2024-09-22,Not Applicable,,Active,Complete,Complete,2026-01-19
EMP-0882,Complete,2024-05-21,Not Applicable,,Active,Complete,Complete,2026-08-03
EMP-0883,Complete,2024-03-21,Not Applicable,,Active,Complete,Complete,2026-01-04
EMP-0884,Complete,2024-02-12,Not Applicable,,Active,Complete,Complete,2026-08-26
EMP-0885,Complete,2025-11-19,Not Applicable,,Active,Complete,Complete,2026-04-28
EMP-0886,Complete,2025-09-28,Not Applicable,,Active,Complete,Complete,2026-08-16
EMP-0887,Complete,2023-05-18,Complete,2023-07-15,Inactive,Complete,Complete,2026-04-10
EMP-0888,Complete,2020-08-04,Not Applicable,,Active,Complete,Complete,2026-02-13
EMP-0889,Complete,2020-07-23,Complete,2021-12-01,Inactive,Complete,Complete,2026-05-28
EMP-0890,Complete,2025-02-02,Not Applicable,,Active,Complete,Complete,2026-08-14
EMP-0891,Complete,2016-08-09,Not Applicable,,Active,Complete,Complete,2026-03-25
EMP-0892,Complete,2019-02-08,Not Applicable,,Active,Complete,Complete,2026-04-18
EMP-0893,Complete,2017-03-29,Not Applicable,,Active,Complete,Complete,2026-08-02
EMP-0894,Complete,2019-02-11,Not Applicable,,Active,Complete,Complete,2026-05-22
EMP-0895,Complete,2024-11-05,Not Applicable,,Active,Complete,Complete,2026-07-01
EMP-0896,Complete,2022-09-25,Not Applicable,,Active,Complete,Complete,2026-08-24
EMP-0897,Complete,2016-02-18,Not Applicable,,Active,Complete,Complete,2026-02-14
EMP-0898,Complete,2016-12-05,Not Applicable,,Active,Complete,Complete,2026-08-14
EMP-0899,Complete,2019-02-13,Complete,2022-12-19,Inactive,Complete,Complete,2026-08-02
EMP-0900,Complete,2026-05-09,Not Applicable,,Active,Complete,Complete,2026-08-19
EMP-0901,Complete,2021-05-09,Not Applicable,,Active,Complete,Complete,2026-03-17
EMP-0902,Complete,2023-02-04,Not Applicable,,Active,Complete,Complete,2026-07-08
EMP-0903,Complete,2025-02-07,Complete,2025-10-23,Inactive,Complete,Complete,2026-02-06
EMP-0904,Complete,2020-07-09,Not Applicable,,Active,Complete,Complete,2026-05-03
EMP-0905,Complete,2018-01-21,Not Applicable,,Active,Complete,Complete,2026-04-03
EMP-0906,Complete,2019-04-29,Not Applicable,,Active,Complete,Complete,2026-06-29
EMP-0907,Complete,2022-11-21,Not Applicable,,Active,Complete,Complete,2026-07-11
EMP-0908,Complete,2023-11-13,Not Applicable,,Active,Complete,Complete,2026-01-16
EMP-0909,Complete,2024-05-05,Not Applicable,,Active,Complete,Complete,2026-04-03
EMP-0910,Complete,2023-02-16,Not Applicable,,Active,Complete,Complete,2026-06-17
EMP-0911,Complete,2024-11-14,Not Applicable,,Active,Complete,Complete,2026-03-08
EMP-0912,Complete,2018-02-04,Not Applicable,,Active,Complete,Complete,2026-05-16
EMP-0913,Complete,2024-08-11,Not Applicable,,Active,Complete,Complete,2026-05-23
EMP-0914,Complete,2020-10-19,Not Applicable,,Active,Complete,Complete,2026-04-28
EMP-0915,Complete,2017-08-21,Not Applicable,,Active,Complete,Complete,2026-08-22
EMP-0916,Complete,2017-07-27,Not Applicable,,Active,Complete,Complete,2026-08-07
EMP-0917,Complete,2017-06-22,Not Applicable,,Active,Complete,Complete,2026-03-16
EMP-0918,Complete,2019-04-11,Not Applicable,,Active,Complete,Complete,2026-02-22
EMP-0919,Complete,2025-04-13,Complete,2026-05-19,Inactive,Complete,Complete,2026-04-19
EMP-0920,Complete,2018-02-15,Not Applicable,,Active,Complete,Complete,2026-05-04
EMP-0921,Complete,2022-01-28,Not Applicable,,Active,Complete,Complete,2026-01-22
EMP-0922,Complete,2016-11-06,Not Applicable,,Active,Complete,Complete,2026-07-17
EMP-0923,Complete,2023-08-10,Not Applicable,,Active,Pending,Complete,2026-06-24
EMP-0924,Complete,2023-01-14,Not Applicable,,Active,Complete,Complete,2026-07-13
EMP-0925,Complete,2017-05-19,Not Applicable,,Active,Complete,Complete,2026-06-05
EMP-0926,Complete,2021-04-30,Complete,2021-10-25,Inactive,Complete,Complete,2026-03-29
EMP-0927,Complete,2018-01-21,Not Applicable,,Active,Complete,Complete,2026-06-27
EMP-0928,Complete,2018-09-27,Not Applicable,,Active,Complete,Complete,2026-02-20
EMP-0929,Complete,2018-04-03,Not Applicable,,Active,Complete,Complete,2026-03-27
EMP-0930,Complete,2018-11-27,Not Applicable,,Active,Complete,Complete,2026-02-15
EMP-0931,Complete,2017-03-28,Not Applicable,,Active,Complete,Complete,2026-07-30
EMP-0932,Complete,2024-01-19,Not Applicable,,Active,Complete,Complete,2026-06-20
EMP-0933,Complete,2025-03-27,Not Applicable,,Active,Complete,Complete,2026-01-31
EMP-0934,Complete,2019-04-04,Not Applicable,,Active,Complete,Complete,2026-07-11
EMP-0935,Complete,2017-02-11,Not Applicable,,Active,Complete,Complete,2026-03-30
EMP-0936,Complete,2022-05-05,Not Applicable,,Active,Complete,Complete,2026-06-27
EMP-0937,Complete,2019-02-05,Not Applicable,,Active,Complete,Complete,2026-07-22
EMP-0938,Complete,2019-03-28,Not Applicable,,Active,Complete,Complete,2026-06-23
EMP-0939,Complete,2026-05-08,Not Applicable,,Active,Complete,Complete,2026-06-22
EMP-0940,Complete,2022-03-26,Not Applicable,,Active,Complete,Complete,2026-02-21
EMP-0941,Complete,2019-10-16,Not Applicable,,Active,Complete,Complete,2026-07-24
EMP-0942,Complete,2020-04-27,Not Applicable,,Active,Complete,Complete,2026-02-24
EMP-0943,Complete,2020-08-25,Not Applicable,,Active,Complete,Complete,2026-07-22
EMP-0944,Complete,2023-01-15,Complete,2024-03-17,Inactive,Complete,Complete,2026-06-24
EMP-0945,Complete,2022-06-12,Not Applicable,,Active,Complete,Complete,2026-05-13
EMP-0946,Complete,2020-05-14,Not Applicable,,Active,Complete,Complete,2026-03-06
EMP-0947,Complete,2023-10-24,Not Applicable,,Active,Complete,Complete,2026-03-24
EMP-0948,Complete,2022-02-13,Not Applicable,,Active,Complete,Complete,2026-08-15
EMP-0949,Complete,2018-09-02,Not Applicable,,Active,Complete,Complete,2026-08-14
EMP-0950,Complete,2020-01-25,Complete,2023-06-07,Inactive,Complete,Complete,2026-07-16
EMP-0951,Complete,2025-06-05,Not Applicable,,Active,Pending,Complete,2026-03-23
EMP-0952,Complete,2024-09-24,Not Applicable,,Active,Complete,Complete,2026-06-03
EMP-0953,Complete,2026-02-06,Not Applicable,,Active,Complete,Complete,2026-03-24
EMP-0954,Complete,2016-10-18,Not Applicable,,Active,Complete,Complete,2026-03-27
EMP-0955,Complete,2018-12-26,Complete,2021-02-18,Inactive,Complete,Complete,2026-05-22
EMP-0956,Complete,2025-02-18,Not Applicable,,Active,Complete,Complete,2026-03-16
EMP-0957,Complete,2025-09-29,Not Applicable,,Active,Complete,Complete,2026-02-12
EMP-0958,Complete,2017-11-18,Complete,2022-05-08,Inactive,Complete,Complete,2026-03-23
EMP-0959,Complete,2016-10-01,Not Applicable,,Active,Complete,Complete,2026-06-05
EMP-0960,Complete,2021-06-15,Not Applicable,,Active,Complete,Complete,2026-07-17
EMP-0961,Complete,2017-01-10,Not Applicable,,Active,Complete,Complete,2026-05-23
EMP-0962,Complete,2024-01-24,Not Applicable,,Active,Complete,Complete,2026-05-21
EMP-0963,Complete,2021-12-22,Not Applicable,,Active,Pending,Complete,2026-06-15
EMP-0964,Complete,2025-01-29,Not Applicable,,Active,Complete,Complete,2026-08-17
EMP-0965,Complete,2018-04-22,Not Applicable,,Active,Complete,Complete,2026-05-22
EMP-0966,Complete,2023-05-09,Not Applicable,,Active,Complete,Complete,2026-04-08
EMP-0967,Complete,2018-06-22,Not Applicable,,Active,Complete,Pending,2026-01-29
EMP-0968,Complete,2016-07-27,Not Applicable,,Active,Complete,Complete,2026-01-17
EMP-0969,Complete,2023-02-26,Not Applicable,,Active,Complete,Complete,2026-06-20
EMP-0970,Complete,2026-01-07,Complete,2026-05-25,Inactive,Complete,Complete,2026-07-21
EMP-0971,Complete,2026-01-18,Not Applicable,,Active,Complete,Complete,2026-07-02
EMP-0972,Complete,2025-11-12,Not Applicable,,Active,Complete,Complete,2026-07-19
EMP-0973,Complete,2017-12-22,Not Applicable,,Active,Complete,Complete,2026-03-05
EMP-0974,Complete,2023-02-01,Not Applicable,,Active,Complete,Complete,2026-08-09
EMP-0975,Complete,2020-08-28,Not Applicable,,Active,Complete,Complete,2026-05-17
EMP-0976,Complete,2020-05-13,Not Applicable,,Active,Complete,Pending,2026-01-05
EMP-0977,Complete,2022-05-20,Complete,2025-06-01,Inactive,Complete,Complete,2026-01-03
EMP-0978,Complete,2025-05-02,Not Applicable,,Active,Complete,Complete,2026-01-18
EMP-0979,Complete,2019-11-02,Complete,2021-04-20,Inactive,Complete,Complete,2026-05-27
EMP-0980,Complete,2016-05-19,Not Applicable,,Active,Complete,Complete,2026-08-15
EMP-0981,Complete,2017-05-28,Complete,2017-10-16,Inactive,Complete,Complete,2026-01-05
EMP-0982,Complete,2016-04-07,Complete,2020-05-16,Inactive,Complete,Complete,2026-03-19
EMP-0983,Complete,2025-07-06,Not Applicable,,Active,Complete,Complete,2026-02-09
EMP-0984,Complete,2021-01-15,Not Applicable,,Active,Complete,Complete,2026-02-07
EMP-0985,Complete,2022-06-17,Not Applicable,,Active,Complete,Complete,2026-01-09
EMP-0986,Complete,2019-04-04,Not Applicable,,Active,Complete,Complete,2026-06-06
EMP-0987,Complete,2016-09-25,Complete,2023-09-26,Inactive,Complete,Complete,2026-01-24
EMP-0988,Complete,2017-10-26,Not Applicable,,Active,Complete,Complete,2026-02-20
EMP-0989,Complete,2016-07-16,Not Applicable,,Active,Complete,Complete,2026-07-15
EMP-0990,Complete,2022-05-06,Not Applicable,,Active,Complete,Complete,2026-04-23
EMP-0991,Complete,2024-04-29,Not Applicable,,Active,Complete,Complete,2026-07-05
EMP-0992,Complete,2020-01-16,Complete,2022-10-16,Inactive,Complete,Complete,2026-06-02
EMP-0993,Complete,2025-08-19,Not Applicable,,Active,Complete,Complete,2026-03-02
EMP-0994,Complete,2021-09-05,Not Applicable,,Active,Complete,Complete,2026-08-15
EMP-0995,Complete,2020-02-01,Complete,2026-08-02,Inactive,Complete,Complete,2026-02-09
EMP-0996,Complete,2016-10-12,Not Applicable,,Active,Complete,Complete,2026-04-07
EMP-0997,Complete,2017-10-13,Not Applicable,,Active,Complete,Complete,2026-01-29
EMP-0998,Complete,2019-02-06,Not Applicable,,Active,Complete,Complete,2026-07-15
EMP-0999,Complete,2019-06-02,Not Applicable,,Active,Complete,Complete,2026-02-22
EMP-1000,Complete,2019-12-10,Not Applicable,,Active,Complete,Complete,2026-05-26
EMP-0130,Complete,2024-11-03,Not Applicable,,Active,Complete,Complete,2026-08-25
EMP-0569,Complete,2019-05-12,Not Applicable,,Active,Complete,Complete,2026-01-01
EMP-9998,Pending,,Not Applicable,,Active,Pending,Pending,2026-08-20
