change_id,employee_id,change_type,old_value,new_value,effective_date,request_date,processed_date,change_status
CHG-0001,EMP-0365,Compensation Change,104000,121000,2026-07-01,2026-03-06,2026-07-02,Completed
CHG-0002,EMP-0426,Manager Change,EMP-0001,EMP-0214,2025-01-23,2025-01-09,2025-01-25,Completed
CHG-0003,EMP-0919,Compensation Change,117000,129000,2026-07-01,2025-10-05,2026-07-02,Completed
CHG-0004,EMP-0346,Job Title Change,Previous Role,Senior Product Manager,2026-07-25,2026-07-15,2026-07-23,Completed
CHG-0005,EMP-0846,Job Title Change,Previous Role,Marketing Manager,2024-07-21,2024-07-05,2024-07-23,Completed
CHG-0006,EMP-0390,Job Title Change,Previous Role,Customer Success Specialist,2024-10-03,2024-09-19,2024-10-05,Completed
CHG-0007,EMP-0390,Job Title Change,Previous Role,Customer Success Specialist,2025-09-07,2025-09-05,2025-09-11,Completed
CHG-0008,EMP-0390,Department Change,Operations,Customer Success,2024-06-09,2024-05-24,2024-06-09,Completed
CHG-0009,EMP-0493,Job Title Change,Previous Role,Engineering Manager,2024-12-14,2024-11-27,2024-12-12,Completed
CHG-0010,EMP-0513,Department Change,Operations,Data & Analytics,2026-01-31,2026-01-25,2026-02-03,Completed
CHG-0011,EMP-0939,Job Title Change,Previous Role,Senior Product Manager,2026-07-22,2026-07-04,2026-07-20,Completed
CHG-0012,EMP-0012,Job Title Change,Previous Role,Product Analyst,2026-02-28,2026-02-12,2026-02-28,Completed
CHG-0013,EMP-0428,Manager Change,EMP-0001,EMP-0261,2025-11-08,2025-11-05,2025-11-07,Completed
CHG-0014,EMP-0753,Manager Change,EMP-0001,EMP-0089,2025-07-12,2025-07-10,2025-07-17,Completed
CHG-0015,EMP-0888,Department Change,Operations,Data & Analytics,2026-08-28,2026-08-20,2026-08-26,Completed
CHG-0016,EMP-0869,Department Change,Operations,Finance,2026-05-31,2026-05-11,2026-09-03,Completed
CHG-0017,EMP-0869,Compensation Change,115000,127000,2026-07-01,2025-03-28,2026-07-02,Completed
CHG-0018,EMP-0398,Department Change,Operations,Engineering,2024-04-16,2024-04-09,2024-04-20,Completed
CHG-0019,EMP-0321,Job Title Change,Previous Role,Senior Software Engineer,2025-06-03,2025-05-22,2025-06-06,Completed
CHG-0020,EMP-0986,Department Change,Operations,Legal,2024-08-04,2024-07-21,2024-08-08,Completed
CHG-0021,EMP-0131,Job Title Change,Previous Role,Marketing Analyst,2026-06-05,2026-05-23,2026-06-07,Completed
CHG-0022,EMP-0539,Department Change,Operations,Engineering,2026-03-27,2026-03-13,2026-03-27,Completed
CHG-0023,EMP-0539,Department Change,Operations,Engineering,2024-08-30,2024-08-19,2024-08-28,Completed
CHG-0024,EMP-0539,Job Title Change,Previous Role,Software Engineer,2026-06-04,2026-05-18,2026-06-02,Completed
CHG-0025,EMP-0504,Department Change,Operations,Data & Analytics,2024-08-04,2024-07-22,2024-08-09,Completed
CHG-0026,EMP-0504,Department Change,Operations,Data & Analytics,2025-08-04,2025-07-20,2025-08-03,Completed
CHG-0027,EMP-0868,Department Change,Operations,Human Resources,2024-09-02,2024-08-25,2024-09-07,Completed
CHG-0028,EMP-0399,Job Title Change,Previous Role,Senior Data Analyst,2024-12-23,2024-12-11,2024-12-23,Completed
CHG-0029,EMP-0795,Manager Change,EMP-0001,EMP-0017,2024-04-23,2024-04-08,2024-04-22,Completed
CHG-0030,EMP-0795,Compensation Change,75000,83000,2026-02-09,2026-01-20,2026-02-10,Completed
CHG-0031,EMP-0265,Manager Change,EMP-0001,EMP-0014,2025-05-07,2025-05-03,2025-05-09,Completed
CHG-0032,EMP-0265,Compensation Change,139000,149000,2026-01-13,2025-12-26,2026-01-15,Completed
CHG-0033,EMP-0977,Compensation Change,67000,72000,2024-05-30,2024-05-25,2024-05-31,Completed
CHG-0034,EMP-0977,Department Change,Operations,Information Technology,2024-09-26,2024-09-09,2024-09-26,Completed
CHG-0035,EMP-0387,Job Title Change,Previous Role,Sales Operations Analyst,2024-04-28,2024-04-26,2024-05-03,Completed
CHG-0036,EMP-0781,Compensation Change,83000,86000,2024-07-08,2024-06-21,2024-07-09,Completed
CHG-0037,EMP-0844,Compensation Change,92000,95000,2026-06-24,2026-06-19,2026-06-29,Completed
CHG-0038,EMP-0294,Department Change,Operations,Legal,2024-07-01,2024-06-24,2024-07-06,Completed
CHG-0039,EMP-0294,Job Title Change,Previous Role,Legal Operations Manager,2026-08-14,2026-07-27,2026-08-19,Completed
CHG-0040,EMP-0705,Job Title Change,Previous Role,Product Manager,2026-02-04,2026-01-19,2026-02-02,Completed
CHG-0041,EMP-0812,Compensation Change,84000,87000,2026-03-31,2026-03-29,2026-03-29,Completed
CHG-0042,EMP-0529,Compensation Change,86000,91000,2025-03-09,2025-02-26,2025-03-07,Completed
CHG-0043,EMP-0529,Department Change,Operations,Engineering,2026-05-04,2026-04-17,2026-05-06,Completed
CHG-0044,EMP-0252,Manager Change,EMP-0001,EMP-0134,2025-10-29,2025-10-26,2025-10-31,Completed
CHG-0045,EMP-0165,Job Title Change,Previous Role,Marketing Manager,2025-06-09,2025-05-29,2025-06-13,Completed
CHG-0046,EMP-0165,Department Change,Operations,Marketing,2025-08-16,2025-08-13,2025-08-14,Completed
CHG-0047,EMP-0151,Department Change,Operations,Sales,2024-12-05,2024-11-30,2024-12-04,Completed
CHG-0048,EMP-0209,Compensation Change,52000,60000,2024-11-10,2024-11-07,2024-11-15,Completed
CHG-0049,EMP-0410,Job Title Change,Previous Role,Analytics Manager,2025-12-23,2025-12-10,2025-12-21,Completed
CHG-0050,EMP-0040,Compensation Change,55000,65000,2026-03-23,2026-03-19,2026-03-22,Completed
CHG-0051,EMP-0367,Compensation Change,120000,128000,2026-06-28,2026-06-21,2026-07-02,Completed
CHG-0052,EMP-0800,Department Change,Operations,Engineering,2024-01-12,2024-01-04,2024-01-11,Completed
CHG-0053,EMP-0251,Compensation Change,110000,120000,2024-03-07,2024-03-04,2024-03-10,Completed
CHG-0054,EMP-0565,Compensation Change,142000,147000,2025-03-12,2025-02-25,2025-03-16,Completed
CHG-0055,EMP-0435,Compensation Change,92000,95000,2025-10-02,2025-09-24,2025-10-05,Completed
CHG-0056,EMP-0465,Job Title Change,Previous Role,Sales Manager,2024-04-12,2024-04-05,2024-04-13,Completed
CHG-0057,EMP-0465,Compensation Change,59000,67000,2024-10-04,2024-09-28,2024-10-02,Completed
CHG-0058,EMP-0465,Manager Change,EMP-0001,EMP-0429,2025-03-01,2025-02-20,2025-03-06,Completed
CHG-0059,EMP-0228,Compensation Change,114000,117000,2024-08-08,2024-07-24,2024-08-11,Completed
CHG-0060,EMP-0759,Job Title Change,Previous Role,Sales Operations Analyst,2025-03-03,2025-02-28,2025-03-06,Completed
CHG-0061,EMP-0759,Compensation Change,81000,91000,2025-04-13,2025-03-31,2025-04-15,Completed
CHG-0062,EMP-0671,Department Change,Operations,Human Resources,2025-11-02,2025-10-26,2025-11-02,Completed
CHG-0063,EMP-0027,Manager Change,EMP-0001,EMP-0008,2024-04-04,2024-03-26,2024-04-07,Completed
CHG-0064,EMP-0186,Department Change,Operations,Engineering,2026-03-18,2026-03-13,2026-03-22,Completed
CHG-0065,EMP-0618,Department Change,Operations,Customer Success,2025-07-17,2025-07-09,2025-07-18,Completed
CHG-0066,EMP-0954,Compensation Change,78000,81000,2024-02-21,2024-02-15,2024-02-19,Completed
CHG-0067,EMP-0954,Manager Change,EMP-0001,EMP-0438,2026-05-22,2026-05-18,2026-05-21,Completed
CHG-0068,EMP-0031,Compensation Change,122000,125000,2024-04-26,2024-04-10,2024-04-29,Completed
CHG-0069,EMP-0610,Manager Change,EMP-0001,EMP-0168,2026-08-11,2026-08-09,2026-08-10,Completed
CHG-0070,EMP-0467,Job Title Change,Previous Role,Data Analyst,2026-01-17,2026-01-04,2026-01-22,Completed
CHG-0071,EMP-0763,Manager Change,EMP-0001,EMP-0018,2025-05-18,2025-05-08,2025-05-23,Completed
CHG-0072,EMP-0586,Job Title Change,Previous Role,Senior CSM,2024-07-10,2024-06-26,2024-07-10,Completed
CHG-0073,EMP-0586,Compensation Change,110000,115000,2025-07-21,2025-07-02,2025-07-23,Completed
CHG-0074,EMP-0140,Job Title Change,Previous Role,Operations Manager,2025-08-01,2025-07-22,2025-08-01,Completed
CHG-0075,EMP-0140,Manager Change,EMP-0001,EMP-0104,2025-07-05,2025-06-26,2025-07-07,Completed
CHG-0076,EMP-0813,Job Title Change,Previous Role,Senior Financial Analyst,2024-06-14,2024-06-11,2024-06-18,Completed
CHG-0077,EMP-0275,Manager Change,EMP-0001,EMP-0094,2024-11-03,2024-10-19,2024-11-03,Completed
CHG-0078,EMP-0275,Department Change,Operations,Data & Analytics,2024-01-29,2024-01-14,2024-01-27,Completed
CHG-0079,EMP-0958,Compensation Change,139000,147000,2025-04-06,2025-03-30,2025-04-10,Completed
CHG-0080,EMP-0958,Manager Change,EMP-0001,EMP-0110,2026-07-02,2026-06-15,2026-07-05,Completed
CHG-0081,EMP-0540,Job Title Change,Previous Role,Software Engineer,2025-10-20,2025-10-17,2025-10-19,Completed
CHG-0082,EMP-0461,Compensation Change,108000,118000,2026-01-11,2025-12-24,2026-09-03,Completed
CHG-0083,EMP-0718,Job Title Change,Previous Role,Software Engineer,2025-03-30,2025-03-18,2025-03-28,Completed
CHG-0084,EMP-0718,Job Title Change,Previous Role,Software Engineer,2025-06-21,2025-06-08,2025-06-22,Completed
CHG-0085,EMP-0190,Job Title Change,Previous Role,Paralegal,2024-01-03,2023-12-23,2024-01-06,Completed
CHG-0086,EMP-0624,Compensation Change,87000,95000,2025-07-11,2025-06-29,2025-07-16,Completed
CHG-0087,EMP-0757,Department Change,Operations,Engineering,2025-04-14,2025-04-10,2025-04-19,Completed
CHG-0088,EMP-0757,Job Title Change,Previous Role,Software Engineer,2024-04-29,2024-04-22,2024-05-01,Completed
CHG-0089,EMP-0451,Manager Change,EMP-0001,EMP-0002,2024-11-09,2024-10-30,2024-11-12,Completed
CHG-0090,EMP-0451,Compensation Change,79000,84000,2025-06-16,2025-06-11,2025-06-14,Completed
CHG-0091,EMP-0437,Job Title Change,Previous Role,Customer Success Manager,2025-12-26,2025-12-14,2025-12-24,Completed
CHG-0092,EMP-0077,Manager Change,EMP-0001,EMP-0066,2026-06-08,2026-05-28,2026-06-07,Completed
CHG-0093,EMP-0077,Manager Change,EMP-0001,EMP-0066,2026-03-30,2026-03-20,2026-03-29,Completed
CHG-0094,EMP-0666,Manager Change,EMP-0001,EMP-0641,2024-10-01,2024-09-28,2024-10-01,Completed
CHG-0095,EMP-0008,Department Change,Operations,Information Technology,2024-06-15,2024-05-28,2024-06-17,Completed
CHG-0096,EMP-0498,Job Title Change,Previous Role,Customer Success Specialist,2024-04-05,2024-03-17,2024-04-10,Completed
CHG-0097,EMP-0498,Job Title Change,Previous Role,Customer Success Specialist,2024-03-10,2024-03-04,2024-03-11,Completed
CHG-0098,EMP-0498,Compensation Change,55000,58000,2026-04-04,2026-04-02,2026-04-04,Completed
CHG-0099,EMP-0378,Job Title Change,Previous Role,Operations Manager,2025-03-29,2025-03-10,2025-03-27,Completed
CHG-0100,EMP-0750,Compensation Change,147000,150000,2025-07-11,2025-06-21,2025-07-11,Completed
CHG-0101,EMP-0750,Compensation Change,140000,150000,2024-12-13,2024-11-28,2024-12-13,Completed
CHG-0102,EMP-0750,Job Title Change,Previous Role,Software Engineer,2025-02-09,2025-01-26,2025-02-11,Completed
CHG-0103,EMP-0873,Manager Change,EMP-0001,EMP-0075,2025-11-08,2025-10-26,2025-11-12,Completed
CHG-0104,EMP-0873,Department Change,Operations,Customer Success,2025-07-20,2025-07-15,2025-07-22,Completed
CHG-0105,EMP-0637,Compensation Change,55000,60000,2024-01-26,2024-01-11,2024-01-29,Completed
CHG-0106,EMP-0297,Manager Change,EMP-0001,EMP-0248,2024-01-09,2024-01-07,2024-01-09,Completed
CHG-0107,EMP-0980,Department Change,Operations,Sales,2024-02-08,2024-02-02,2024-02-09,Completed
CHG-0108,EMP-0255,Department Change,Operations,Operations,2025-08-19,2025-08-10,2025-08-17,Completed
CHG-0109,EMP-0359,Manager Change,EMP-0001,EMP-0352,2025-02-20,2025-02-18,2025-02-25,Completed
CHG-0110,EMP-0359,Compensation Change,121000,126000,2024-05-01,2024-04-16,2024-05-03,Completed
CHG-0111,EMP-0359,Job Title Change,Previous Role,Senior Software Engineer,2025-09-12,2025-09-09,2025-09-12,Completed
CHG-0112,EMP-0414,Department Change,Operations,Engineering,2026-08-09,2026-07-26,2026-08-14,Completed
CHG-0113,EMP-0735,Compensation Change,137000,145000,2024-01-14,2023-12-28,2024-01-18,Completed
CHG-0114,EMP-0087,Department Change,Operations,Customer Success,2026-07-11,2026-06-28,2026-07-09,Completed
CHG-0115,EMP-0854,Manager Change,EMP-0001,EMP-0458,2025-11-01,2025-10-26,2025-11-01,Completed
CHG-0116,EMP-0848,Job Title Change,Previous Role,Senior Product Manager,2025-06-14,2025-06-11,2025-06-15,Completed
CHG-0117,EMP-0681,Job Title Change,Previous Role,Senior Data Analyst,2024-11-07,2024-10-18,2024-11-12,Completed
CHG-0118,EMP-0243,Compensation Change,79000,82000,2025-09-13,2025-09-04,2025-09-11,Completed
CHG-0119,EMP-0606,Compensation Change,138000,141000,2025-08-18,2025-08-07,2025-08-19,Completed
CHG-0120,EMP-0042,Job Title Change,Previous Role,Senior Product Manager,2026-08-15,2026-08-11,2026-08-17,Completed
CHG-0121,EMP-0042,Manager Change,EMP-0001,EMP-0012,2024-10-17,2024-10-01,2024-10-20,Completed
CHG-0122,EMP-0460,Compensation Change,106000,109000,2024-09-04,2024-09-01,2024-09-05,Completed
CHG-0123,EMP-0034,Compensation Change,103000,106000,2025-12-25,2025-12-23,2025-12-25,Completed
CHG-0124,EMP-0350,Compensation Change,96000,101000,2026-04-23,2026-04-13,2026-04-28,Completed
CHG-0125,EMP-0659,Job Title Change,Previous Role,Engineering Manager,2026-04-17,2026-04-01,2026-04-17,Completed
CHG-0126,EMP-0659,Job Title Change,Previous Role,Engineering Manager,2026-01-25,2026-01-23,2026-01-30,Completed
CHG-0127,EMP-0457,Manager Change,EMP-0001,EMP-0395,2024-11-23,2024-11-13,2024-11-21,Completed
CHG-0128,EMP-0961,Department Change,Operations,Customer Success,2026-08-21,2026-08-06,2026-08-23,Completed
CHG-0129,EMP-0268,Compensation Change,69000,79000,2024-03-28,2024-03-11,2024-03-27,Completed
CHG-0130,EMP-0991,Manager Change,EMP-0001,EMP-0752,2025-07-20,2025-07-01,2025-07-24,Completed
CHG-0131,EMP-0926,Department Change,Operations,Marketing,2024-06-03,2024-05-22,2024-06-06,Completed
CHG-0132,EMP-0600,Compensation Change,52000,57000,2025-10-13,2025-10-03,2025-10-14,Completed
CHG-0133,EMP-0418,Job Title Change,Previous Role,Operations Manager,2025-12-12,2025-12-03,2025-12-17,Completed
CHG-0134,EMP-0596,Manager Change,EMP-0001,EMP-0411,2026-01-29,2026-01-27,2026-02-01,Completed
CHG-0135,EMP-0596,Job Title Change,Previous Role,Senior CSM,2026-04-05,2026-03-17,2026-04-07,Completed
CHG-0136,EMP-0704,Department Change,Operations,Sales,2025-06-09,2025-05-25,2025-06-13,Completed
CHG-0137,EMP-0300,Department Change,Operations,Sales,2025-08-16,2025-08-02,2025-08-16,Completed
CHG-0138,EMP-0153,Compensation Change,124000,132000,2024-04-17,2024-04-03,2024-04-18,Completed
CHG-0139,EMP-0153,Manager Change,EMP-0001,EMP-0002,2024-07-22,2024-07-09,2024-07-21,Completed
CHG-0140,EMP-0938,Job Title Change,Previous Role,Product Manager,2024-06-13,2024-06-07,2024-06-16,Completed
CHG-0141,EMP-0677,Compensation Change,86000,89000,2026-01-24,2026-01-19,2026-01-22,Completed
CHG-0142,EMP-0841,Job Title Change,Previous Role,Senior Data Analyst,2025-09-12,2025-09-03,2025-09-17,Completed
CHG-0143,EMP-0841,Manager Change,EMP-0001,EMP-0035,2024-05-08,2024-04-19,2024-05-12,Completed
CHG-0144,EMP-0537,Job Title Change,Previous Role,HR Manager,2025-01-22,2025-01-16,2025-01-27,Completed
CHG-0145,EMP-0537,Department Change,Operations,Human Resources,2026-07-27,2026-07-25,2026-09-03,Completed
CHG-0146,EMP-0120,Manager Change,EMP-0001,EMP-0069,2024-06-20,2024-06-07,2024-06-20,Completed
CHG-0147,EMP-0472,Department Change,Operations,Marketing,2026-07-06,2026-06-17,2026-07-05,Completed
CHG-0148,EMP-0158,Manager Change,EMP-0001,EMP-0070,2024-12-01,2024-11-17,2024-12-04,Completed
CHG-0149,EMP-0614,Job Title Change,Previous Role,Analytics Manager,2025-01-26,2025-01-23,2025-01-24,Completed
CHG-0150,EMP-0065,Manager Change,EMP-0001,EMP-0060,2025-08-14,2025-08-03,2025-08-13,Completed
CHG-0151,EMP-0212,Department Change,Operations,Sales,2025-08-31,2025-08-11,2025-08-29,Completed
CHG-0152,EMP-0212,Department Change,Operations,Sales,2026-03-07,2026-03-04,2026-03-10,Completed
CHG-0153,EMP-0550,Department Change,Operations,Product,2026-06-17,2026-06-03,2026-06-15,Completed
CHG-0154,EMP-0266,Department Change,Operations,Product,2025-12-04,2025-11-26,2025-12-08,Completed
CHG-0155,EMP-0726,Compensation Change,120000,128000,2024-10-27,2024-10-08,2024-10-28,Completed
CHG-0156,EMP-0362,Compensation Change,80000,88000,2026-05-17,2026-04-28,2026-05-16,Completed
CHG-0157,EMP-0475,Department Change,Operations,Marketing,2025-05-18,2025-04-29,2025-05-16,Completed
CHG-0158,EMP-0929,Job Title Change,Previous Role,Sales Manager,2024-11-09,2024-11-05,2024-11-14,Completed
CHG-0159,EMP-0923,Manager Change,EMP-0001,EMP-0023,2025-08-06,2025-08-01,2025-08-07,Completed
CHG-0160,EMP-0923,Manager Change,EMP-0001,EMP-0023,2025-08-11,2025-08-03,2025-08-09,Completed
CHG-0161,EMP-0635,Compensation Change,45000,55000,2026-05-28,2026-05-19,2026-05-28,Completed
CHG-0162,EMP-0635,Manager Change,EMP-0001,EMP-0322,2024-09-18,2024-09-13,2024-09-20,Completed
CHG-0163,EMP-0542,Manager Change,EMP-0001,EMP-0318,2026-04-06,2026-03-28,2026-04-10,Completed
CHG-0164,EMP-0542,Compensation Change,126000,129000,2026-08-19,2026-08-11,2026-08-21,Completed
CHG-0165,EMP-0724,Job Title Change,Previous Role,Operations Manager,2025-04-21,2025-04-09,2025-04-23,Completed
CHG-0166,EMP-0972,Department Change,Operations,Engineering,2026-05-02,2026-04-29,2026-04-30,Completed
CHG-0167,EMP-0972,Job Title Change,Previous Role,Senior Software Engineer,2026-06-17,2026-06-08,2026-06-18,Completed
CHG-0168,EMP-0320,Manager Change,EMP-0001,EMP-0255,2026-04-08,2026-04-02,2026-04-09,Completed
CHG-0169,EMP-0680,Job Title Change,Previous Role,Senior Data Analyst,2024-02-25,2024-02-16,2024-02-29,Completed
CHG-0170,EMP-0711,Compensation Change,94000,104000,2025-11-11,2025-10-27,2025-11-15,Completed
CHG-0171,EMP-0744,Manager Change,EMP-0001,EMP-0498,2025-11-09,2025-11-04,2025-11-07,Completed
CHG-0172,EMP-0708,Compensation Change,129000,132000,2025-08-19,2025-08-08,2025-08-17,Completed
CHG-0173,EMP-0708,Department Change,Operations,Data & Analytics,2025-07-29,2025-07-11,2025-07-27,Completed
CHG-0174,EMP-0043,Job Title Change,Previous Role,Marketing Analyst,2026-08-20,2026-08-07,2026-08-22,Completed
CHG-0175,EMP-0043,Compensation Change,94000,99000,2025-10-05,2025-10-01,2025-10-04,Completed
CHG-0176,EMP-0197,Department Change,Operations,Legal,2025-07-29,2025-07-15,2025-07-27,Completed
CHG-0177,EMP-0282,Department Change,Operations,Sales,2025-06-19,2025-06-10,2025-06-18,Completed
CHG-0178,EMP-0016,Manager Change,EMP-0001,EMP-0004,2025-03-23,2025-03-13,2025-03-27,Completed
CHG-0179,EMP-0016,Department Change,Operations,Engineering,2024-12-20,2024-12-02,2024-12-20,Completed
CHG-0180,EMP-0270,Compensation Change,114000,122000,2025-02-22,2025-02-07,2025-02-27,Completed
CHG-0181,EMP-0270,Compensation Change,112000,122000,2025-10-23,2025-10-14,2025-10-24,Completed
CHG-0182,EMP-0647,Manager Change,EMP-0001,EMP-0083,2024-11-24,2024-11-14,2024-11-29,Completed
CHG-0183,EMP-0647,Manager Change,EMP-0001,EMP-0083,2026-01-02,2025-12-31,2026-01-07,Completed
CHG-0184,EMP-0728,Manager Change,EMP-0001,EMP-0069,2026-01-12,2025-12-31,2026-01-16,Completed
CHG-0185,EMP-0396,Compensation Change,149000,154000,2026-04-09,2026-03-20,2026-04-14,Completed
CHG-0186,EMP-0259,Compensation Change,92000,100000,2025-08-03,2025-07-14,2025-08-08,Completed
CHG-0187,EMP-0845,Manager Change,EMP-0001,EMP-0840,2026-05-29,2026-05-16,2026-05-29,Completed
CHG-0188,EMP-0819,Department Change,Operations,Engineering,2026-04-02,2026-03-18,2026-04-05,Completed
CHG-0189,EMP-0819,Compensation Change,126000,136000,2026-07-02,2026-06-12,2026-07-03,Completed
CHG-0190,EMP-0084,Compensation Change,66000,76000,2024-08-26,2024-08-11,2024-08-28,Completed
CHG-0191,EMP-0084,Department Change,Operations,Data & Analytics,2024-03-27,2024-03-13,2024-03-31,Completed
CHG-0192,EMP-0602,Manager Change,EMP-0001,EMP-0398,2024-04-22,2024-04-05,2024-04-22,Completed
CHG-0193,EMP-0221,Manager Change,EMP-0001,EMP-0030,2026-05-02,2026-04-21,2026-05-04,Completed
CHG-0194,EMP-0580,Compensation Change,79000,84000,2025-08-01,2025-07-19,2025-08-06,Completed
CHG-0195,EMP-0580,Compensation Change,79000,84000,2025-08-28,2025-08-11,2025-08-28,Completed
CHG-0196,EMP-0486,Department Change,Operations,Human Resources,2025-12-08,2025-11-27,2025-12-12,Completed
CHG-0197,EMP-0486,Compensation Change,77000,82000,2026-06-14,2026-06-05,2026-06-16,Completed
CHG-0198,EMP-0182,Job Title Change,Previous Role,Systems Analyst,2024-11-25,2024-11-11,2024-11-25,Completed
CHG-0199,EMP-0182,Job Title Change,Previous Role,Systems Analyst,2025-10-13,2025-10-09,2025-10-15,Completed
CHG-0200,EMP-0070,Department Change,Operations,Sales,2026-07-04,2026-07-01,2026-07-06,Completed
CHG-0201,EMP-0258,Compensation Change,117000,122000,2026-03-15,2026-03-13,2026-03-19,Completed
CHG-0202,EMP-0258,Department Change,Operations,Engineering,2025-10-18,2025-10-04,2025-10-17,Completed
CHG-0203,EMP-0041,Job Title Change,Previous Role,HR Manager,2026-07-16,2026-07-11,2026-07-17,Completed
CHG-0204,EMP-0783,Job Title Change,Previous Role,Account Executive,2025-08-24,2025-08-05,2025-08-27,Completed
CHG-0205,EMP-0691,Department Change,Operations,Sales,2024-08-19,2024-08-01,2024-08-22,Completed
CHG-0206,EMP-0441,Manager Change,EMP-0001,EMP-0411,2025-10-14,2025-10-07,,Completed
CHG-0207,EMP-0441,Department Change,Operations,Customer Success,2024-06-09,2024-06-06,2024-06-07,Completed
CHG-0208,EMP-0780,Job Title Change,Previous Role,Product Manager,2026-04-15,2026-04-13,2026-04-18,Completed
CHG-0209,EMP-0815,Compensation Change,136000,139000,2024-04-24,2024-04-17,2024-04-27,Completed
CHG-0210,EMP-0815,Manager Change,EMP-0001,EMP-0265,2025-09-06,2025-08-20,2025-09-05,Completed
CHG-0211,EMP-0885,Compensation Change,70000,78000,2026-04-27,2026-04-12,2026-04-29,Completed
CHG-0212,EMP-0111,Department Change,Operations,Legal,2024-03-06,2024-03-01,2024-03-06,Completed
CHG-0213,EMP-0298,Manager Change,EMP-0001,EMP-0062,2026-07-08,2026-07-04,2026-07-11,Completed
CHG-0214,EMP-0298,Job Title Change,Previous Role,Analytics Manager,2024-02-16,2024-01-31,2024-02-21,Completed
CHG-0215,EMP-0225,Job Title Change,Previous Role,Account Executive,2024-02-12,2024-01-25,2024-02-10,Completed
CHG-0216,EMP-0014,Department Change,Operations,Engineering,2026-08-02,2026-07-28,2026-08-05,Completed
CHG-0217,EMP-0114,Compensation Change,91000,94000,2025-03-28,2025-03-10,2025-04-02,Completed
CHG-0218,EMP-0114,Department Change,Operations,Engineering,2025-10-22,2025-10-06,2025-10-25,Completed
CHG-0219,EMP-0717,Compensation Change,66000,74000,2026-03-25,2026-03-09,2026-03-28,Completed
CHG-0220,EMP-0688,Job Title Change,Previous Role,Software Engineer,2024-05-30,2024-05-15,2024-06-01,Completed
CHG-0221,EMP-0722,Compensation Change,59000,62000,2025-09-30,2025-09-19,2025-10-01,Completed
CHG-0222,EMP-0722,Manager Change,EMP-0001,EMP-0710,2026-06-08,2026-05-23,2026-06-13,Completed
CHG-0223,EMP-0722,Job Title Change,Previous Role,HR Manager,2024-12-18,2024-11-28,2024-12-22,Completed
CHG-0224,EMP-0613,Compensation Change,69000,77000,2025-11-24,2025-11-18,2025-11-27,Completed
CHG-0225,EMP-0333,Job Title Change,Previous Role,Account Executive,2025-11-10,2025-10-30,2025-11-11,Completed
CHG-0226,EMP-0333,Department Change,Operations,Sales,2024-11-22,2024-11-14,2024-11-26,Completed
CHG-0227,EMP-0997,Manager Change,EMP-0001,EMP-0215,2025-08-26,2025-08-07,2025-08-29,Completed
CHG-0228,EMP-0997,Department Change,Operations,Information Technology,2024-03-30,2024-03-15,2024-03-28,Completed
CHG-0229,EMP-0553,Manager Change,EMP-0001,EMP-0062,2024-03-18,2024-03-11,2024-03-22,Completed
CHG-0230,EMP-0117,Compensation Change,60000,68000,2026-04-24,2026-04-14,2026-04-29,Completed
CHG-0231,EMP-0235,Department Change,Operations,Engineering,2024-08-13,2024-08-02,2024-08-12,Completed
CHG-0232,EMP-0235,Compensation Change,91000,101000,2026-07-03,2026-06-24,2026-07-07,Completed
CHG-0233,EMP-0413,Job Title Change,Previous Role,IT Support Specialist,2024-11-21,2024-11-13,2024-11-23,Completed
CHG-0234,EMP-0738,Manager Change,EMP-0001,EMP-0209,2025-11-27,2025-11-24,2025-11-26,Completed
CHG-0235,EMP-0534,Compensation Change,106000,114000,2024-03-05,2024-02-16,2024-03-07,Completed
CHG-0236,EMP-0534,Compensation Change,109000,114000,2026-04-15,2026-04-06,2026-04-13,Completed
CHG-0237,EMP-0261,Department Change,Operations,Product,2026-07-26,2026-07-24,2026-07-26,Completed
CHG-0238,EMP-0432,Job Title Change,Previous Role,Legal Operations Manager,2025-10-07,2025-09-29,2025-10-09,Completed
CHG-0239,EMP-0379,Job Title Change,Previous Role,Engineering Manager,2024-06-07,2024-05-28,2024-06-09,Completed
CHG-0240,EMP-0026,Manager Change,EMP-0001,EMP-0002,2024-07-03,2024-06-27,2024-07-03,Completed
CHG-0241,EMP-0343,Job Title Change,Previous Role,Paralegal,2025-09-27,2025-09-15,2025-09-27,Completed
CHG-0242,EMP-0343,Manager Change,EMP-0001,EMP-0198,2024-11-23,2024-11-16,2024-11-26,Completed
CHG-0243,EMP-0729,Compensation Change,136000,146000,2025-08-22,2025-08-02,2025-08-20,Completed
CHG-0244,EMP-0160,Department Change,Operations,Operations,2025-12-16,2025-12-07,2025-12-19,Completed
CHG-0245,EMP-0825,Department Change,Operations,Data & Analytics,2026-03-09,2026-03-07,2026-03-12,Completed
CHG-0246,EMP-0370,Job Title Change,Previous Role,Sales Manager,2025-12-14,2025-11-27,2025-12-17,Completed
CHG-0247,EMP-0337,Compensation Change,125000,135000,2026-05-28,2026-05-12,2026-05-29,Completed
CHG-0248,EMP-0337,Job Title Change,Previous Role,Sales Manager,2024-05-03,2024-04-24,2024-05-05,Completed
CHG-0249,EMP-0227,Compensation Change,103000,111000,2025-07-18,2025-07-12,2025-07-16,Completed
CHG-0250,EMP-0227,Department Change,Operations,Engineering,2024-08-27,2024-08-17,2024-08-27,Completed
CHG-0251,EMP-0227,Job Title Change,Previous Role,Engineering Manager,2024-09-08,2024-08-28,2024-09-09,Completed
CHG-0252,EMP-0100,Department Change,Operations,Data & Analytics,2025-09-10,2025-08-24,2025-09-13,Completed
CHG-0253,EMP-0730,Manager Change,EMP-0001,EMP-0002,2026-05-22,2026-05-19,2026-05-24,Completed
CHG-0254,EMP-0640,Manager Change,EMP-0001,EMP-0261,2025-08-24,2025-08-20,2025-08-22,Completed
CHG-0255,EMP-0640,Compensation Change,92000,97000,2024-02-12,2024-02-03,2024-02-15,Completed
CHG-0256,EMP-0607,Manager Change,EMP-0001,EMP-0604,2026-02-12,2026-01-29,2026-02-17,Completed
CHG-0257,EMP-0607,Department Change,Operations,Engineering,2025-05-16,2025-04-28,2025-05-14,Completed
CHG-0258,EMP-0999,Manager Change,EMP-0001,EMP-0948,2024-01-29,2024-01-21,2024-01-28,Completed
CHG-0259,EMP-0025,Compensation Change,100000,103000,2026-02-22,2026-02-06,2026-02-25,Completed
CHG-0260,EMP-0442,Manager Change,EMP-0001,EMP-0152,2026-01-29,2026-01-13,2026-01-27,Completed
CHG-0261,EMP-0489,Job Title Change,Previous Role,Data Analyst,2026-06-14,2026-06-11,2026-06-12,Completed
CHG-0262,EMP-0188,Department Change,Operations,Operations,2025-10-02,2025-09-14,2025-09-30,Completed
CHG-0263,EMP-0247,Job Title Change,Previous Role,Analytics Manager,2024-09-05,2024-08-23,2024-09-10,Completed
CHG-0264,EMP-0662,Job Title Change,Previous Role,Sales Manager,2026-06-29,2026-06-19,2026-07-01,Completed
CHG-0265,EMP-0045,Compensation Change,71000,81000,2024-05-15,2024-04-27,2024-05-19,Completed
CHG-0266,EMP-0257,Compensation Change,105000,113000,2026-03-11,2026-02-24,2026-03-10,Completed
CHG-0267,EMP-0482,Manager Change,EMP-0001,EMP-0267,2024-08-24,2024-08-05,,Completed
CHG-0268,EMP-0482,Manager Change,EMP-0001,EMP-0267,2026-06-17,2026-05-28,2026-06-16,Completed
CHG-0269,EMP-0287,Compensation Change,104000,109000,2026-03-30,2026-03-17,2026-03-29,Completed
CHG-0270,EMP-0287,Compensation Change,104000,109000,2026-04-30,2026-04-24,2026-05-05,Completed
CHG-0271,EMP-0147,Compensation Change,93000,96000,2026-01-06,2025-12-20,2026-01-09,Completed
CHG-0272,EMP-0216,Manager Change,EMP-0001,EMP-0184,2026-05-30,2026-05-11,2026-06-04,Completed
CHG-0273,EMP-0973,Manager Change,EMP-0001,EMP-0477,2025-01-21,2025-01-14,2025-01-25,Completed
CHG-0274,EMP-0973,Manager Change,EMP-0001,EMP-0477,2025-04-30,2025-04-17,2025-05-02,Completed
CHG-0275,EMP-0973,Department Change,Operations,Marketing,2026-07-25,2026-07-22,2026-07-29,Completed
CHG-0276,EMP-0531,Compensation Change,69000,79000,2024-06-29,2024-06-20,2024-06-28,Completed
CHG-0277,EMP-0957,Compensation Change,80000,83000,2026-02-17,2026-02-06,2026-02-20,Completed
CHG-0278,EMP-0741,Manager Change,EMP-0001,EMP-0661,2024-12-11,2024-12-09,2024-12-09,Completed
CHG-0279,EMP-0834,Department Change,Operations,Data & Analytics,2024-11-18,2024-11-14,2024-11-19,Completed
CHG-0280,EMP-0195,Department Change,Operations,Engineering,2025-08-04,2025-07-30,2025-08-07,Completed
CHG-0281,EMP-0195,Job Title Change,Previous Role,Software Engineer,2025-02-28,2025-02-21,2025-03-01,Completed
CHG-0282,EMP-0777,Compensation Change,80000,85000,2025-05-06,2025-05-04,2025-05-07,Completed
CHG-0283,EMP-0566,Manager Change,EMP-0001,EMP-0415,2024-03-10,2024-02-21,2024-03-13,Completed
CHG-0284,EMP-0566,Compensation Change,104000,107000,2024-05-23,2024-05-12,2024-05-25,Completed
CHG-0285,EMP-0245,Manager Change,EMP-0001,EMP-0025,2025-10-29,2025-10-23,2025-11-02,Completed
CHG-0286,EMP-0245,Manager Change,EMP-0001,EMP-0025,2026-05-18,2026-04-28,2026-05-23,Completed
CHG-0287,EMP-0646,Department Change,Operations,Sales,2024-08-18,2024-07-31,2024-08-21,Completed
CHG-0288,EMP-0949,Manager Change,EMP-0001,EMP-0814,2024-11-24,2024-11-21,2024-11-26,Completed
CHG-0289,EMP-0949,Department Change,Operations,Operations,2025-02-19,2025-02-09,2025-02-23,Completed
CHG-0290,EMP-0950,Compensation Change,68000,73000,2025-02-02,2025-01-15,2025-02-04,Completed
CHG-0291,EMP-0149,Job Title Change,Previous Role,Software Engineer,2026-07-11,2026-06-25,2026-07-13,Completed
CHG-0292,EMP-0477,Compensation Change,105000,113000,2026-06-02,2026-05-26,2026-06-04,Completed
CHG-0293,EMP-0863,Job Title Change,Previous Role,Marketing Specialist,2026-02-14,2026-02-03,2026-02-16,Completed
CHG-0294,EMP-0211,Department Change,Operations,Engineering,2025-06-17,2025-06-05,2025-06-19,Completed
CHG-0295,EMP-0309,Manager Change,EMP-0001,EMP-0293,2026-05-13,2026-05-09,2026-05-12,Completed
CHG-0296,EMP-0394,Department Change,Operations,Engineering,2026-02-13,2026-02-10,2026-02-11,Completed
CHG-0297,EMP-0690,Compensation Change,73000,81000,2024-06-17,2024-06-04,2024-06-19,Completed
CHG-0298,EMP-0502,Job Title Change,Previous Role,Senior Data Analyst,2025-12-03,2025-11-18,2025-12-08,Completed
CHG-0299,EMP-0240,Job Title Change,Previous Role,Sales Operations Analyst,2025-12-18,2025-12-03,2025-12-21,Completed
CHG-0300,EMP-0617,Manager Change,EMP-0001,EMP-0102,2026-06-01,2026-05-21,2026-06-03,Completed
CHG-0301,EMP-0617,Job Title Change,Previous Role,Customer Success Manager,2026-04-28,2026-04-16,2026-04-30,Completed
CHG-0302,EMP-0959,Department Change,Operations,Product,2026-08-12,2026-07-24,2026-08-11,Completed
CHG-0303,EMP-0867,Manager Change,EMP-0001,EMP-0520,2026-06-01,2026-05-12,2026-06-06,Completed
CHG-0304,EMP-0867,Job Title Change,Previous Role,Senior Software Engineer,2024-01-10,2024-01-03,2024-01-13,Completed
CHG-0305,EMP-0236,Manager Change,EMP-0001,EMP-0106,2026-06-18,2026-06-16,2026-06-20,Completed
CHG-0306,EMP-0794,Department Change,Operations,Sales,2026-06-17,2026-06-06,2026-06-15,Completed
CHG-0307,EMP-0660,Manager Change,EMP-0001,EMP-0278,2024-03-28,2024-03-11,2024-03-29,Completed
CHG-0308,EMP-0424,Department Change,Operations,Marketing,2026-02-22,2026-02-11,2026-02-26,Completed
CHG-0309,EMP-0546,Compensation Change,59000,69000,2025-10-07,2025-09-17,2025-10-08,Completed
CHG-0310,EMP-0657,Manager Change,EMP-0001,EMP-0331,2025-03-06,2025-02-16,2025-03-07,Completed
CHG-0311,EMP-0732,Manager Change,EMP-0001,EMP-0304,2025-05-07,2025-04-17,2025-05-05,Completed
CHG-0312,EMP-0356,Job Title Change,Previous Role,IT Manager,2025-07-02,2025-06-23,2025-07-04,Completed
CHG-0313,EMP-0641,Compensation Change,104000,109000,2026-05-27,2026-05-09,2026-05-28,Completed
CHG-0314,EMP-0641,Manager Change,EMP-0001,EMP-0482,2026-05-03,2026-04-20,2026-05-05,Completed
CHG-0315,EMP-0641,Department Change,Operations,Engineering,2026-06-27,2026-06-15,2026-06-29,Completed
CHG-0316,EMP-0285,Job Title Change,Previous Role,Marketing Analyst,2024-03-05,2024-02-22,2024-03-03,Completed
CHG-0317,EMP-0401,Manager Change,EMP-0001,EMP-0020,2026-01-02,2025-12-23,2025-12-31,Completed
CHG-0318,EMP-0401,Job Title Change,Previous Role,Customer Success Specialist,2024-12-30,2024-12-19,2025-01-02,Completed
CHG-0319,EMP-0582,Job Title Change,Previous Role,Paralegal,2025-01-24,2025-01-06,2025-01-25,Completed
CHG-0320,EMP-0582,Compensation Change,113000,116000,2026-06-28,2026-06-10,2026-06-30,Completed
CHG-0321,EMP-0582,Compensation Change,113000,116000,2024-07-19,2024-07-07,2024-07-21,Completed
CHG-0322,EMP-0572,Department Change,Operations,Sales,2024-07-06,2024-07-02,2024-07-10,Completed
CHG-0323,EMP-0388,Manager Change,EMP-0001,EMP-0083,2024-11-16,2024-10-28,2024-11-21,Completed
CHG-0324,EMP-0761,Job Title Change,Previous Role,Senior Software Engineer,2026-08-03,2026-07-24,2026-08-05,Completed
CHG-0325,EMP-0219,Department Change,Operations,Sales,2024-03-09,2024-03-07,2024-03-12,Completed
CHG-0326,EMP-0253,Job Title Change,Previous Role,Analytics Manager,2025-04-28,2025-04-10,2025-05-02,Completed
CHG-0327,EMP-0253,Job Title Change,Previous Role,Analytics Manager,2025-04-15,2025-03-28,2025-04-17,Completed
CHG-0328,EMP-0253,Compensation Change,90000,98000,2026-06-13,2026-06-02,2026-06-13,Completed
CHG-0329,EMP-0064,Job Title Change,Previous Role,Sales Manager,2025-01-04,2024-12-17,2025-01-09,Completed
CHG-0330,EMP-0272,Job Title Change,Previous Role,Software Engineer,2025-01-27,2025-01-08,2025-01-31,Completed
CHG-0331,EMP-0272,Manager Change,EMP-0001,EMP-0226,2026-05-29,2026-05-18,2026-05-28,Completed
CHG-0332,EMP-0713,Department Change,Operations,Engineering,2026-04-28,2026-04-22,2026-04-30,Completed
CHG-0333,EMP-0713,Compensation Change,129000,139000,2024-10-30,2024-10-19,2024-10-30,Completed
CHG-0334,EMP-0574,Department Change,Operations,Marketing,2026-03-09,2026-03-07,2026-03-09,Completed
CHG-0335,EMP-0855,Manager Change,EMP-0001,EMP-0521,2026-06-08,2026-05-30,2026-06-11,Completed
CHG-0336,EMP-0374,Manager Change,EMP-0001,EMP-0174,2025-04-25,2025-04-10,2025-04-24,Completed
CHG-0337,EMP-0374,Job Title Change,Previous Role,IT Manager,2026-08-16,2026-08-08,2026-08-16,Completed
CHG-0338,EMP-0506,Manager Change,EMP-0001,EMP-0328,2024-08-02,2024-07-24,2024-08-01,Completed
CHG-0339,EMP-0481,Compensation Change,112000,122000,2024-08-05,2024-07-26,2024-08-10,Completed
CHG-0340,EMP-0351,Compensation Change,119000,124000,2025-11-22,2025-11-08,2025-11-27,Completed
CHG-0341,EMP-0351,Compensation Change,121000,124000,2025-06-07,2025-05-25,2025-06-11,Completed
CHG-0342,EMP-0725,Department Change,Operations,Data & Analytics,2024-02-21,2024-02-14,2024-02-25,Completed
CHG-0343,EMP-0538,Compensation Change,101000,111000,2024-08-09,2024-08-03,2024-08-09,Completed
CHG-0344,EMP-0538,Job Title Change,Previous Role,Analytics Manager,2026-05-21,2026-05-12,2026-05-20,Completed
CHG-0345,EMP-0106,Job Title Change,Previous Role,Marketing Analyst,2025-11-22,2025-11-20,2025-11-21,Completed
CHG-0346,EMP-0304,Compensation Change,96000,104000,2024-03-03,2024-02-27,2024-03-02,Completed
CHG-0347,EMP-0967,Manager Change,EMP-0001,EMP-0701,2024-10-23,2024-10-10,2024-10-27,Completed
CHG-0348,EMP-0778,Manager Change,EMP-0001,EMP-0599,2026-05-08,2026-04-19,2026-05-06,Completed
CHG-0349,EMP-0104,Job Title Change,Previous Role,Operations Manager,2024-05-03,2024-04-22,2024-05-02,Completed
CHG-0350,EMP-0001,Department Change,Operations,Operations,2026-07-05,2026-06-28,2026-07-03,Completed
CHG-0351,EMP-0223,Department Change,Operations,Customer Success,2024-01-14,2023-12-25,2024-01-13,Completed
CHG-0352,EMP-0755,Manager Change,EMP-0001,EMP-0137,2026-03-24,2026-03-10,2026-03-26,Completed
CHG-0353,EMP-0755,Compensation Change,106000,114000,2025-02-23,2025-02-10,2025-02-28,Completed
CHG-0354,EMP-0091,Department Change,Operations,Engineering,2024-05-31,2024-05-23,2024-05-29,Completed
CHG-0355,EMP-0514,Manager Change,EMP-0001,EMP-0188,2024-06-07,2024-05-30,2024-06-05,Completed
CHG-0356,EMP-0587,Department Change,Operations,Operations,2025-06-09,2025-05-23,2025-06-09,Completed
CHG-0357,EMP-0789,Job Title Change,Previous Role,Finance Manager,2026-05-04,2026-04-26,2026-05-06,Completed
CHG-0358,EMP-0129,Job Title Change,Previous Role,Financial Analyst,2026-03-13,2026-03-10,2026-03-16,Completed
CHG-0359,EMP-0129,Compensation Change,105000,110000,2024-05-03,2024-04-20,2024-05-07,Completed
CHG-0360,EMP-0524,Job Title Change,Previous Role,Marketing Analyst,2025-06-01,2025-05-21,2025-06-04,Completed
CHG-0361,EMP-0524,Manager Change,EMP-0001,EMP-0424,2024-02-26,2024-02-15,2024-02-24,Completed
CHG-0362,EMP-0423,Department Change,Operations,Marketing,2024-10-16,2024-10-02,2024-10-20,Completed
CHG-0363,EMP-0423,Department Change,Operations,Marketing,2025-01-14,2025-01-02,2025-01-12,Completed
CHG-0364,EMP-0423,Job Title Change,Previous Role,Marketing Manager,2025-11-03,2025-10-27,2025-11-08,Completed
CHG-0365,EMP-0455,Department Change,Operations,Human Resources,2025-10-19,2025-10-11,2025-10-22,Completed
CHG-0366,EMP-0719,Manager Change,EMP-0001,EMP-0002,2024-01-19,2023-12-30,2024-01-22,Completed
CHG-0367,EMP-0978,Department Change,Operations,Product,2026-08-14,2026-08-08,2026-08-13,Completed
CHG-0368,EMP-0411,Job Title Change,Previous Role,Customer Success Specialist,2025-01-25,2025-01-05,2025-01-24,Completed
CHG-0369,EMP-0411,Compensation Change,104000,109000,2024-08-07,2024-07-22,2024-08-07,Completed
CHG-0370,EMP-0721,Manager Change,EMP-0001,EMP-0099,2026-06-24,2026-06-22,2026-06-25,Completed
CHG-0371,EMP-0639,Manager Change,EMP-0001,EMP-0421,2024-03-30,2024-03-13,2024-04-04,Completed
CHG-0372,EMP-0857,Manager Change,EMP-0001,EMP-0188,2024-04-12,2024-04-03,2024-04-17,Completed
CHG-0373,EMP-0857,Department Change,Operations,Operations,2026-08-16,2026-08-11,2026-08-17,Completed
CHG-0374,EMP-0358,Manager Change,EMP-0001,EMP-0291,2026-07-29,2026-07-15,2026-07-31,Completed
CHG-0375,EMP-0459,Department Change,Operations,Customer Success,2025-02-05,2025-01-27,2025-02-06,Completed
CHG-0376,EMP-0459,Manager Change,EMP-0001,EMP-0307,2024-06-16,2024-06-06,2024-06-16,Completed
CHG-0377,EMP-0955,Department Change,Operations,Customer Success,2025-10-25,2025-10-08,2025-10-24,Completed
CHG-0378,EMP-0955,Compensation Change,58000,66000,2024-07-18,2024-07-12,2024-07-18,Completed
CHG-0379,EMP-0119,Job Title Change,Previous Role,Sales Manager,2025-12-11,2025-11-22,2025-12-12,Completed
CHG-0380,EMP-0576,Job Title Change,Previous Role,Data Analyst,2026-07-25,2026-07-08,2026-07-28,Completed
CHG-0381,EMP-0970,Job Title Change,Previous Role,Senior Software Engineer,2026-06-27,2026-06-25,2026-06-28,Completed
CHG-0382,EMP-0970,Manager Change,EMP-0001,EMP-0754,2026-02-18,2026-02-05,2026-02-17,Completed
CHG-0383,EMP-0544,Job Title Change,Previous Role,Finance Manager,2024-10-05,2024-09-26,2024-10-08,Completed
CHG-0384,EMP-0940,Department Change,Operations,Product,2024-04-06,2024-03-29,2024-04-06,Completed
CHG-0385,EMP-0940,Compensation Change,76000,84000,2025-09-15,2025-08-28,2025-09-17,Completed
CHG-0386,EMP-0244,Manager Change,EMP-0001,EMP-0125,2025-06-18,2025-06-02,2025-06-22,Completed
CHG-0387,EMP-0804,Compensation Change,95000,100000,2024-01-11,2024-01-01,2024-01-09,Completed
CHG-0388,EMP-0804,Compensation Change,97000,100000,2024-03-11,2024-03-03,2024-03-12,Completed
CHG-0389,EMP-0758,Manager Change,EMP-0001,EMP-0302,2024-12-27,2024-12-15,2024-12-29,Completed
CHG-0390,EMP-0758,Compensation Change,135000,138000,2025-05-13,2025-05-05,2025-05-14,Completed
CHG-0391,EMP-0827,Compensation Change,105000,110000,2025-01-28,2025-01-17,2025-01-29,Completed
CHG-0392,EMP-0827,Department Change,Operations,Customer Success,2026-02-11,2026-02-06,2026-02-16,Completed
CHG-0393,EMP-0760,Department Change,Operations,Human Resources,2025-11-11,2025-10-29,2025-11-13,Completed
CHG-0394,EMP-0652,Compensation Change,72000,80000,2026-01-20,2026-01-09,2026-01-19,Completed
CHG-0395,EMP-0133,Compensation Change,73000,83000,2024-09-22,2024-09-11,2024-09-26,Completed
CHG-0396,EMP-0277,Department Change,Operations,Product,2025-06-05,2025-05-20,2025-06-10,Completed
CHG-0397,EMP-0483,Department Change,Operations,Operations,2024-10-12,2024-10-02,2024-10-12,Completed
CHG-0398,EMP-0483,Compensation Change,67000,75000,2024-05-22,2024-05-05,2024-05-20,Completed
CHG-0399,EMP-0136,Compensation Change,103000,108000,2026-08-09,2026-07-27,2026-08-08,Completed
CHG-0400,EMP-0238,Job Title Change,Previous Role,Sales Manager,2024-03-26,2024-03-08,2024-03-25,Completed
CHG-0401,EMP-0238,Department Change,Operations,Sales,2025-12-18,2025-12-01,2025-12-20,Completed
CHG-0402,EMP-0295,Compensation Change,98000,108000,2024-04-12,2024-04-06,2024-04-14,Completed
CHG-0403,EMP-0832,Compensation Change,69000,74000,2026-07-23,2026-07-07,2026-07-27,Completed
CHG-0404,EMP-0832,Manager Change,EMP-0001,EMP-9999,2026-06-06,2026-05-18,2026-06-08,Completed
CHG-0405,EMP-0072,Job Title Change,Previous Role,Senior Data Analyst,2025-02-11,2025-02-01,2025-02-16,Completed
CHG-0406,EMP-0766,Job Title Change,Previous Role,Senior Product Manager,2025-06-16,2025-05-29,2025-06-14,Completed
CHG-0407,EMP-0988,Manager Change,EMP-0001,EMP-0237,2026-05-10,2026-04-26,2026-05-10,Completed
CHG-0408,EMP-0988,Department Change,Operations,Engineering,2025-04-01,2025-03-20,2025-04-06,Completed
CHG-0409,EMP-0968,Job Title Change,Previous Role,Software Engineer,2025-08-18,2025-08-08,2025-08-21,Completed
CHG-0410,EMP-0126,Department Change,Operations,Legal,2024-12-13,2024-11-30,2024-12-18,Completed
CHG-0411,EMP-0126,Manager Change,EMP-0001,EMP-0111,2026-01-26,2026-01-24,2026-01-25,Completed
CHG-0412,EMP-0634,Department Change,Operations,Engineering,2026-02-18,2026-02-04,2026-02-17,Completed
CHG-0413,EMP-0541,Compensation Change,145000,155000,2025-03-25,2025-03-07,2025-03-25,Completed
CHG-0414,EMP-0471,Manager Change,EMP-0001,EMP-0190,2026-02-11,2026-02-08,2026-02-09,Completed
CHG-0415,EMP-0471,Manager Change,EMP-0001,EMP-0190,2026-07-30,2026-07-13,2026-07-30,Completed
CHG-0416,EMP-0471,Manager Change,EMP-0001,EMP-0190,2026-03-11,2026-02-24,2026-03-16,Completed
CHG-0417,EMP-0137,Compensation Change,65000,68000,2024-07-15,2024-07-11,2024-07-17,Completed
CHG-0418,EMP-0903,Job Title Change,Previous Role,Legal Operations Specialist,2026-01-23,2026-01-05,2026-01-26,Completed
CHG-0419,EMP-0903,Manager Change,EMP-0001,EMP-0002,2026-01-18,2026-01-01,2026-01-19,Completed
CHG-0420,EMP-0108,Job Title Change,Previous Role,HR Manager,2025-12-14,2025-12-08,2025-12-14,Completed
CHG-0421,EMP-0942,Compensation Change,112000,115000,2025-01-23,2025-01-16,2025-01-25,Completed
CHG-0422,EMP-0603,Department Change,Operations,Customer Success,2026-02-13,2026-02-07,2026-02-16,Completed
CHG-0423,EMP-0984,Compensation Change,61000,69000,2025-11-02,2025-10-15,2025-11-06,Completed
CHG-0424,EMP-0962,Manager Change,EMP-0001,EMP-0585,2026-02-04,2026-01-29,2026-02-06,Completed
CHG-0425,EMP-0937,Compensation Change,90000,95000,2025-05-17,2025-05-13,2025-05-17,Completed
CHG-0426,EMP-0198,Compensation Change,101000,106000,2024-12-27,2024-12-22,2024-12-26,Completed
CHG-0427,EMP-0185,Compensation Change,106000,114000,2026-06-19,2026-06-15,2026-06-20,Completed
CHG-0428,EMP-0185,Compensation Change,104000,114000,2024-05-06,2024-04-21,2024-05-09,Completed
CHG-0429,EMP-0479,Department Change,Operations,Engineering,2026-01-30,2026-01-22,2026-01-28,Completed
CHG-0430,EMP-0479,Compensation Change,95000,100000,2026-02-05,2026-02-01,2026-02-04,Completed
CHG-0431,EMP-0742,Compensation Change,112000,117000,2024-09-19,2024-09-06,2024-09-21,Completed
CHG-0432,EMP-0742,Job Title Change,Previous Role,Sales Manager,2024-09-23,2024-09-12,2024-09-21,Completed
CHG-0433,EMP-0751,Job Title Change,Previous Role,Senior Product Manager,2024-07-30,2024-07-14,2024-08-04,Completed
CHG-0434,EMP-0305,Department Change,Operations,Engineering,2025-02-01,2025-01-14,2025-02-02,Completed
CHG-0435,EMP-0305,Job Title Change,Previous Role,Engineering Manager,2024-12-02,2024-11-28,2024-11-30,Completed
CHG-0436,EMP-0173,Job Title Change,Previous Role,HR Coordinator,2026-08-22,2026-08-17,2026-08-26,Completed
CHG-0437,EMP-0173,Manager Change,EMP-0001,EMP-0137,2026-06-03,2026-05-16,2026-06-08,Completed
CHG-0438,EMP-0464,Job Title Change,Previous Role,Software Engineer,2024-09-10,2024-08-26,2024-09-12,Completed
CHG-0439,EMP-0464,Department Change,Operations,Engineering,2026-01-15,2025-12-28,2026-01-15,Completed
CHG-0440,EMP-0898,Compensation Change,94000,102000,2025-01-31,2025-01-16,2025-01-30,Completed
CHG-0441,EMP-0597,Job Title Change,Previous Role,Engineering Manager,2026-04-18,2026-04-04,2026-04-16,Completed
CHG-0442,EMP-0391,Manager Change,EMP-0001,EMP-0314,2025-07-12,2025-06-22,2025-07-11,Completed
CHG-0443,EMP-0858,Job Title Change,Previous Role,Operations Specialist,2024-05-25,2024-05-14,2024-05-25,Completed
CHG-0444,EMP-0992,Department Change,Operations,Engineering,2024-04-06,2024-03-23,2024-04-04,Completed
CHG-0445,EMP-0992,Job Title Change,Previous Role,Software Engineer,2026-01-10,2026-01-07,2026-01-10,Completed
CHG-0446,EMP-0909,Job Title Change,Previous Role,Engineering Manager,2024-09-20,2024-09-02,2024-09-19,Completed
CHG-0447,EMP-0823,Department Change,Operations,Customer Success,2025-05-01,2025-04-14,2025-04-30,Completed
CHG-0448,EMP-0162,Job Title Change,Previous Role,Senior Data Analyst,2025-05-19,2025-05-09,2025-05-17,Completed
CHG-0449,EMP-0330,Job Title Change,Previous Role,Senior Software Engineer,2026-05-09,2026-04-30,2026-05-13,Completed
CHG-0450,EMP-0330,Compensation Change,121000,124000,2026-07-27,2026-07-25,2026-07-29,Completed
CHG-0451,EMP-0184,Department Change,Operations,Engineering,2024-10-01,2024-09-12,2024-09-30,Completed
CHG-0452,EMP-0463,Manager Change,EMP-0001,EMP-0246,2026-08-07,2026-07-18,2026-08-11,Completed
CHG-0453,EMP-0765,Compensation Change,81000,89000,2026-08-02,2026-07-31,2026-08-03,Completed
CHG-0454,EMP-0202,Job Title Change,Previous Role,Senior Data Analyst,2024-08-10,2024-08-03,2024-08-15,Completed
CHG-0455,EMP-0202,Manager Change,EMP-0001,EMP-0161,2025-05-09,2025-04-29,2025-05-13,Completed
CHG-0456,EMP-0202,Manager Change,EMP-0001,EMP-0161,2024-11-13,2024-10-31,2024-11-13,Completed
CHG-0457,EMP-0052,Compensation Change,91000,101000,2026-07-07,2026-06-21,2026-07-09,Completed
CHG-0458,EMP-0509,Compensation Change,130000,140000,2025-02-15,2025-02-11,2025-02-18,Completed
CHG-0459,EMP-0511,Manager Change,EMP-0001,EMP-0455,2026-07-11,2026-06-30,2026-07-15,Completed
CHG-0460,EMP-0525,Department Change,Operations,Marketing,2025-03-03,2025-02-14,2025-03-02,Completed
CHG-0461,EMP-0059,Department Change,Operations,Human Resources,2024-09-15,2024-09-08,2024-09-20,Completed
CHG-0462,EMP-0310,Department Change,Operations,Operations,2025-05-29,2025-05-25,2025-06-01,Completed
CHG-0463,EMP-0510,Compensation Change,60000,70000,2025-08-25,2025-08-12,2025-08-25,Completed
CHG-0464,EMP-0123,Compensation Change,86000,91000,2025-11-05,2025-10-19,2025-11-04,Completed
CHG-0465,EMP-0352,Job Title Change,Previous Role,Senior Software Engineer,2025-11-08,2025-11-02,2025-11-07,Completed
CHG-0466,EMP-0517,Manager Change,EMP-0001,EMP-0324,2026-07-10,2026-07-03,2026-07-10,Completed
CHG-0467,EMP-0517,Job Title Change,Previous Role,HR Specialist,2026-05-11,2026-04-29,2026-05-12,Completed
CHG-0468,EMP-0571,Job Title Change,Previous Role,Customer Success Manager,2025-12-21,2025-12-08,2025-12-23,Completed
CHG-0469,EMP-0571,Department Change,Operations,Customer Success,2024-11-25,2024-11-14,2024-11-30,Completed
CHG-0470,EMP-0124,Manager Change,EMP-0001,EMP-0079,2026-08-07,2026-07-25,2026-08-10,Completed
CHG-0471,EMP-0669,Department Change,Operations,Engineering,2024-08-28,2024-08-21,2024-08-31,Completed
CHG-0472,EMP-0669,Department Change,Operations,Engineering,2024-01-14,2024-01-12,2024-01-19,Completed
CHG-0473,EMP-0273,Manager Change,EMP-0001,EMP-0206,2026-01-10,2025-12-23,2026-01-11,Completed
CHG-0474,EMP-0852,Job Title Change,Previous Role,Operations Analyst,2024-12-24,2024-12-04,2024-12-24,Completed
CHG-0475,EMP-0998,Job Title Change,Previous Role,Financial Analyst,2024-04-24,2024-04-18,2024-04-22,Completed
CHG-0476,EMP-0456,Compensation Change,138000,143000,2026-08-05,2026-07-22,2026-08-08,Completed
CHG-0477,EMP-0164,Job Title Change,Previous Role,HR Manager,2024-02-07,2024-01-22,2024-02-11,Completed
CHG-0478,EMP-0164,Job Title Change,Previous Role,HR Manager,2024-09-16,2024-09-05,2024-09-15,Completed
CHG-0479,EMP-0324,Job Title Change,Previous Role,HR Coordinator,2025-09-26,2025-09-15,2025-09-24,Completed
CHG-0480,EMP-0324,Manager Change,EMP-0001,EMP-0002,2025-09-03,2025-08-24,2025-09-02,Completed
CHG-0481,EMP-0347,Compensation Change,86000,96000,2026-08-16,2026-08-01,2026-08-19,Completed
CHG-0482,EMP-0246,Job Title Change,Previous Role,Operations Specialist,2025-01-12,2025-01-06,2025-01-13,Completed
CHG-0483,EMP-0249,Job Title Change,Previous Role,Marketing Analyst,2025-12-23,2025-12-09,2025-12-22,Completed
CHG-0484,EMP-0249,Manager Change,EMP-0001,EMP-0192,2025-04-06,2025-04-04,2025-04-09,Completed
CHG-0485,EMP-0249,Job Title Change,Previous Role,Marketing Analyst,2025-05-01,2025-04-12,2025-05-03,Completed
CHG-0486,EMP-0786,Compensation Change,118000,126000,2025-11-21,2025-11-18,2025-11-20,Completed
CHG-0487,EMP-0786,Manager Change,EMP-0001,EMP-0351,2025-11-22,2025-11-11,2025-11-25,Completed
CHG-0488,EMP-0046,Compensation Change,98000,108000,2025-06-07,2025-06-02,2025-06-11,Completed
CHG-0489,EMP-0865,Manager Change,EMP-0001,EMP-0177,2025-10-05,2025-10-03,2025-10-03,Completed
CHG-0490,EMP-0122,Department Change,Operations,Data & Analytics,2026-01-23,2026-01-19,2026-01-23,Completed
CHG-0491,EMP-0122,Department Change,Operations,Data & Analytics,2026-06-10,2026-06-06,2026-06-08,Completed
CHG-0492,EMP-0316,Job Title Change,Previous Role,HR Specialist,2025-07-04,2025-06-29,2025-07-03,Completed
CHG-0493,EMP-0316,Job Title Change,Previous Role,HR Specialist,2026-06-14,2026-06-01,2026-06-18,Completed
